"1 (n=22) Mean +/- SD";"4 (n=78) Mean +/- SD";"1 (n=22) Median (IQR)";"4 (n=78) Median (IQR)";"Pval_Shapiro";"Pval_Levene";"Pval_Bartlett";"Pval_ANOVA*";"4 - 1 (Tukey*)"
"X_1035621.txt.gz1.tbl.gz";"0.30736 +/- 0.068651";"0.29517 +/- 0.075278";"0.322 (0.322;0.322)";"0.322 (0.322;0.322)";7.5204e-19;0.49582;0.60607;0.49582;0.49582
"X_1036125.txt.gz1.tbl.gz";"0.092845 +/- 0.046038";"0.080432 +/- 0.049309";"0.07295 (0.07295;0.1459)";"0.07295 (0.07295;0.1459)";1.4991e-10;0.95423;0.69956;0.29289;0.29289
"X_1106713.txt.gz1.tbl.gz";"-0.11237 +/- 0.04855";"-0.11113 +/- 0.033611";"-0.1049 (-0.15084;-0.1049)";"-0.1049 (-0.1115;-0.1049)";8.6456e-10;0.10909;0.025596;0.89137;0.89137
"X_110981.txt.gz1.tbl.gz";"0.13909 +/- 0.053452";"0.12723 +/- 0.049319";"0.1654 (0.1654;0.1654)";"0.1654 (0.0827;0.1654)";1.5436e-13;0.33065;0.64163;0.33065;0.33065
"X_1110324.txt.gz1.tbl.gz";"0.10959 +/- 0.039697";"0.10489 +/- 0.044268";"0.10586 (0.0807;0.12767)";"0.10468 (0.06947;0.13416)";0.25423;0.32817;0.54327;0.65442;0.65442
"X_1110413.txt.gz1.tbl.gz";"-0.056045 +/- 0.071549";"-0.01081 +/- 0.0898";"-0.074 (-0.12405;-0.00925)";"-0.037 (-0.074;0.05005)";1.2989e-06;0.18485;0.21589;0.032153;0.032153
"X_11105171.txt.gz1.tbl.gz";"-0.17533 +/- 0.059204";"-0.18578 +/- 0.046463";"-0.2085 (-0.2085;-0.13031)";"-0.2085 (-0.2085;-0.2085)";2.9704e-16;0.38372;0.14932;0.38372;0.38372
"X_1151031.txt.gz1.tbl.gz";"-0.11512 +/- 0.039278";"-0.11414 +/- 0.047495";"-0.11512 (-0.1535;-0.07675)";"-0.1535 (-0.1535;-0.07675)";1.2385e-12;0.92307;0.29717;0.92936;0.92936
"X_11514196.txt.gz1.tbl.gz";"0.075409 +/- 0.056718";"0.1106 +/- 0.059286";"0.08295 (0.020738;0.08295)";"0.08295 (0.08295;0.1659)";1.0932e-10;0.18054;0.80251;0.014785;0.014785
"X_13088397.txt.gz1.tbl.gz";"-0.098068 +/- 0.066824";"-0.10861 +/- 0.054594";"-0.0863 (-0.1726;-0.0863)";"-0.0863 (-0.1726;-0.0863)";9.9857e-11;0.29493;0.23225;0.44903;0.44903
"X_130936.txt.gz1.tbl.gz";"-0.073988 +/- 0.052903";"-0.087549 +/- 0.046137";"-0.078512 (-0.10725;-0.049775)";"-0.1034 (-0.10725;-0.053625)";3.4069e-06;0.26826;0.42393;0.24144;0.24144
"X_1309475.txt.gz1.tbl.gz";"0.10125 +/- 0.1362";"0.22587 +/- 0.13839";"0 (0;0.2025)";"0.2025 (0.2025;0.405)";4.6634e-10;0.84546;0.92787;0.00030693;0.00030693
"X_1309551.txt.gz1.tbl.gz";"-0.050714 +/- 0.030826";"-0.067422 +/- 0.035065";"-0.05165 (-0.07845;-0.0268)";"-0.069633 (-0.094483;-0.0497)";0.011312;0.27841;0.47403;0.045721;0.045721
"X_131021.txt.gz1.tbl.gz";"-0.092741 +/- 0.055598";"-0.096871 +/- 0.07726";"-0.09504 (-0.12805;-0.060935)";"-0.10374 (-0.15944;-0.04587)";0.0089332;0.05922;0.079252;0.81562;0.81562
"X_13103125.txt.gz1.tbl.gz";"0.072689 +/- 0.054999";"0.060529 +/- 0.060572";"0.07615 (0.019038;0.07615)";"0.07615 (0;0.07615)";1.3886e-10;0.1558;0.58948;0.3987;0.3987
"X_131079.txt.gz1.tbl.gz";"0.08665 +/- 0.070749";"0.10331 +/- 0.05419";"0.08665 (0;0.1733)";"0.08665 (0.08665;0.1733)";1.6009e-10;0.078079;0.11115;0.23797;0.23797
"X_1310982.txt.gz1.tbl.gz";"0.053086 +/- 0.047083";"0.071365 +/- 0.054738";"0.0687 (0;0.0687)";"0.0687 (0;0.1374)";3.7368e-10;0.28142;0.40467;0.15775;0.15775
"X_13112179.txt.gz1.tbl.gz";"-0.117 +/- 0.047871";"-0.10619 +/- 0.054975";"-0.1288 (-0.1713;-0.08565)";"-0.1288 (-0.1713;-0.08565)";2.7986e-07;0.44992;0.44292;0.40496;0.40496
"X_1311450.txt.gz1.tbl.gz";"-0.10058 +/- 0.0412";"-0.097519 +/- 0.043785";"-0.10373 (-0.1383;-0.06915)";"-0.06915 (-0.1383;-0.06915)";5.4615e-12;0.86503;0.73181;0.76986;0.76986
"X_1311926.txt.gz1.tbl.gz";"-0.013977 +/- 0.036003";"-0.031538 +/- 0.053036";"0 (0;0)";"0 (-0.1025;0)";1.0712e-15;0.14791;0.041205;0.14791;0.14791
"X_1312420.txt.gz1.tbl.gz";"-0.03407 +/- 0.07279";"-0.043094 +/- 0.085832";"-0.039975 (-0.07995;0.032475)";"-0.03665 (-0.12325;0.0433)";0.00010531;0.52937;0.3633;0.65428;0.65428
"X_1312652.txt.gz1.tbl.gz";"-0.17882 +/- 0.038826";"-0.16816 +/- 0.047065";"-0.1967 (-0.1967;-0.1967)";"-0.1967 (-0.1967;-0.09835)";1.6314e-15;0.33327;0.29116;0.33327;0.33327
"X_1313214.txt.gz1.tbl.gz";"0.034997 +/- 0.052926";"0.023014 +/- 0.048538";"0.035762 (0.01215;0.06545)";"0.01215 (0.006075;0.06545)";9.2169e-07;0.37148;0.61628;0.31855;0.31855
"X_1411534.txt.gz1.tbl.gz";"-0.042223 +/- 0.050182";"-0.050606 +/- 0.04727";"-0.02605 (-0.077038;0)";"-0.0521 (-0.08535;0)";9.7285e-09;0.48162;0.7305;0.47024;0.47024
"X_14116129.txt.gz1.tbl.gz";"-0.027545 +/- 0.070953";"-0.023308 +/- 0.064954";"0 (0;0)";"0 (0;0)";1.2279e-18;0.79169;0.60892;0.79169;0.79169
"X_1412334.txt.gz1.tbl.gz";"0.15069 +/- 0.050884";"0.13785 +/- 0.047219";"0.1792 (0.112;0.1792)";"0.1792 (0.0896;0.1792)";1.2584e-13;0.27062;0.66582;0.27062;0.27062
"X_1413137.txt.gz1.tbl.gz";"-0.044825 +/- 0.04588";"-0.055169 +/- 0.059975";"-0.044825 (-0.08965;0)";"-0.08965 (-0.08965;0)";7.3086e-12;0.39897;0.14786;0.45594;0.45594
"X_1413393.txt.gz1.tbl.gz";"-0.068836 +/- 0.064317";"-0.064718 +/- 0.080701";"-0.1262 (-0.1262;0)";"0 (-0.1262;0)";1.7024e-12;0.69504;0.21643;0.82619;0.82619
"X_1413449.txt.gz1.tbl.gz";"-0.010487 +/- 0.031553";"-0.01508 +/- 0.039934";"0 (-0.046075;0)";"0 (-0.046075;0)";3.3485e-07;0.38662;0.20025;0.62045;0.62045
"X_141353.txt.gz1.tbl.gz";"0.2433 +/- 0.045856";"0.2293 +/- 0.06715";"0.2611 (0.2611;0.2611)";"0.2611 (0.2611;0.2611)";7.2991e-17;0.36107;0.044154;0.36107;0.36107
"X_141514.txt.gz1.tbl.gz";"0.27255 +/- 0.16432";"0.14159 +/- 0.15653";"0.21415 (0.21415;0.4283)";"0.16839 (0;0.21415)";1.1593e-10;0.96124;0.78009;0.00088879;0.00088879
"X_1415721.txt.gz1.tbl.gz";"-0.15748 +/- 0.075258";"-0.17375 +/- 0.052215";"-0.2038 (-0.2038;-0.1019)";"-0.2038 (-0.2038;-0.1019)";4.858e-15;0.24745;0.026541;0.24745;0.24745
"X_1415817.txt.gz1.tbl.gz";"-0.055782 +/- 0.053882";"-0.052117 +/- 0.048657";"-0.0767 (-0.0767;0)";"-0.0767 (-0.0767;0)";3.0994e-11;0.70985;0.55367;0.76121;0.76121
"X_1458349.txt.gz1.tbl.gz";"0.27882 +/- 0.060538";"0.29097 +/- 0.046826";"0.3067 (0.3067;0.3067)";"0.3067 (0.3067;0.3067)";1.2279e-18;0.31724;0.12554;0.31724;0.31724
"X_219055.txt.gz1.tbl.gz";"-0.072992 +/- 0.048308";"-0.078251 +/- 0.045179";"-0.075887 (-0.11071;-0.035927)";"-0.070921 (-0.11355;-0.045708)";0.66525;0.80129;0.69926;0.63586;0.63586
"X_224720.txt.gz1.tbl.gz";"0.035816 +/- 0.044058";"0.035918 +/- 0.049758";"0 (0;0.08755)";"0 (0;0.08755)";1.0439e-13;0.99308;0.49849;0.99308;0.99308
"X_233372.txt.gz1.tbl.gz";"0.14129 +/- 0.034186";"0.12466 +/- 0.045576";"0.1594 (0.1594;0.1594)";"0.1594 (0.0797;0.1594)";6.092e-14;0.11562;0.12184;0.11562;0.11562
"X_235819.txt.gz1.tbl.gz";"-0.018708 +/- 0.062224";"-0.010915 +/- 0.052146";"-0.0096607 (-0.056257;0.02417)";"-0.012954 (-0.04458;0.016711)";0.60295;0.34238;0.29848;0.55471;0.55471
"X_24217.txt.gz1.tbl.gz";"-0.044832 +/- 0.051198";"-0.033419 +/- 0.043568";"-0.035225 (-0.07045;0)";"0 (-0.07045;0)";1.2456e-12;0.24336;0.34364;0.29932;0.29932
"X_242927.txt.gz1.tbl.gz";"-0.054327 +/- 0.039076";"-0.055333 +/- 0.047155";"-0.0664 (-0.0664;-0.0166)";"-0.0664 (-0.0664;0)";1.7115e-10;0.18298;0.30217;0.92728;0.92728
"X_247454.txt.gz1.tbl.gz";"0.047855 +/- 0.05465";"0.030851 +/- 0.042739";"0.0376 (0;0.0752)";"0 (0;0.0752)";3.8886e-13;0.079946;0.14329;0.12528;0.12528
"X_250549.txt.gz1.tbl.gz";"0.070045 +/- 0.052623";"0.072154 +/- 0.050381";"0.067 (0.01675;0.134)";"0.067 (0.067;0.134)";4.0419e-10;0.8247;0.80251;0.86403;0.86403
"X_251514.txt.gz1.tbl.gz";"0.18137 +/- 0.04094";"0.17228 +/- 0.038605";"0.17531 (0.17198;0.2156)";"0.17198 (0.15656;0.2156)";7.9215e-09;0.6553;0.73514;0.33767;0.33767
"X_251657.txt.gz1.tbl.gz";"-0.057082 +/- 0.10188";"-0.0345 +/- 0.087016";"0 (-0.13455;0)";"0 (0;0)";4.2378e-17;0.30336;0.35502;0.30336;0.30336
"X_252456.txt.gz1.tbl.gz";"-0.067536 +/- 0.042184";"-0.086962 +/- 0.042708";"-0.0646 (-0.0646;-0.0646)";"-0.0646 (-0.1292;-0.0646)";5.6913e-11;0.24271;0.94408;0.061834;0.061834
"X_252653.txt.gz1.tbl.gz";"0.081773 +/- 0.061505";"0.11993 +/- 0.064289";"0.08995 (0.022488;0.08995)";"0.08995 (0.08995;0.1799)";1.0932e-10;0.18054;0.80251;0.014785;0.014785
"X_255851.txt.gz1.tbl.gz";"-0.019882 +/- 0.046073";"-0.015274 +/- 0.055174";"-0.01905 (-0.01905;-0.01905)";"-0.01905 (-0.01905;0.039919)";2.7108e-08;0.37514;0.32158;0.7213;0.7213
"X_25675.txt.gz1.tbl.gz";"0.06375 +/- 0.094105";"0.08451 +/- 0.091368";"0 (0;0.14025)";"0.14025 (0;0.14025)";5.1122e-12;0.34944;0.86573;0.35202;0.35202
"X_257112.txt.gz1.tbl.gz";"-0.11965 +/- 0.082566";"-0.095106 +/- 0.075572";"-0.11965 (-0.11965;-0.11965)";"-0.11965 (-0.11965;0)";8.5141e-11;0.87787;0.6082;0.19049;0.19049
"X_257917.txt.gz1.tbl.gz";"-0.018973 +/- 0.041194";"-0.024081 +/- 0.047338";"0 (0;0)";"0 (0;0)";1.5924e-16;0.64718;0.44087;0.64718;0.64718
"X_258083.txt.gz1.tbl.gz";"0.033745 +/- 0.035676";"0.052194 +/- 0.041984";"0.033925 (0;0.057024)";"0.033925 (0.033925;0.06785)";5.2578e-07;0.62039;0.36899;0.063491;0.063491
"X_25978.txt.gz1.tbl.gz";"0.10596 +/- 0.0732";"0.11564 +/- 0.060512";"0.10135 (0.10135;0.17736)";"0.10135 (0.10135;0.17736)";4.6927e-11;0.283;0.26155;0.52858;0.52858
"X_25989.txt.gz1.tbl.gz";"-0.058786 +/- 0.047744";"-0.059875 +/- 0.052323";"-0.07185 (-0.07185;0)";"-0.07185 (-0.07185;0)";2.2756e-10;0.42714;0.60831;0.93023;0.93023
"X_259951.txt.gz1.tbl.gz";"-0.16078 +/- 0.045576";"-0.15566 +/- 0.057873";"-0.1912 (-0.1912;-0.0956)";"-0.1912 (-0.1912;-0.0956)";1.6313e-14;0.70271;0.19428;0.70271;0.70271
"X_26022.txt.gz1.tbl.gz";"0.0605 +/- 0.057759";"0.04266 +/- 0.044189";"0.06655 (0;0.1331)";"0.06655 (0;0.06655)";4.6616e-11;0.17102;0.10956;0.12239;0.12239
"X_260361.txt.gz1.tbl.gz";"-0.018345 +/- 0.039832";"-0.023285 +/- 0.048576";"0 (0;0)";"0 (0;0)";1.178e-16;0.66321;0.27696;0.66321;0.66321
"X_260959.txt.gz1.tbl.gz";"0.32153 +/- 0.084855";"0.29832 +/- 0.10957";"0.3723 (0.23269;0.3723)";"0.3723 (0.18615;0.3723)";3.0038e-14;0.36094;0.16623;0.36094;0.36094
"X_261756.txt.gz1.tbl.gz";"0.045636 +/- 0.059818";"0.047626 +/- 0.057719";"0 (0;0.1004)";"0 (0;0.1004)";4.8002e-13;0.88765;0.83767;0.88765;0.88765
"X_26204.txt.gz1.tbl.gz";"0.035044 +/- 0.062112";"0.03917 +/- 0.049848";"0.063288 (0.004275;0.065425)";"0.06115 (0.004275;0.065425)";1.7225e-06;0.24291;0.19225;0.74647;0.74647
"X_262553.txt.gz1.tbl.gz";"0.047218 +/- 0.04882";"0.036149 +/- 0.042689";"0.0742 (0;0.0742)";"0 (0;0.0742)";1.4752e-12;0.66842;0.43323;0.30072;0.30072
"X_263012.txt.gz1.tbl.gz";"0.10646 +/- 0.039754";"0.082741 +/- 0.047599";"0.099939 (0.0822;0.13612)";"0.083543 (0.049936;0.12035)";0.16701;0.23339;0.32199;0.035311;0.035311
"X_263150.txt.gz1.tbl.gz";"-0.073909 +/- 0.0588";"-0.06167 +/- 0.047827";"-0.06775 (-0.1355;0)";"-0.06775 (-0.06775;0)";4.5564e-10;0.059334;0.22183;0.31672;0.31672
"X_263610.txt.gz1.tbl.gz";"0.075045 +/- 0.056445";"0.11007 +/- 0.059";"0.08255 (0.020638;0.08255)";"0.08255 (0.08255;0.1651)";1.0932e-10;0.18054;0.80251;0.014785;0.014785
"X_263777.txt.gz1.tbl.gz";"0.070098 +/- 0.052662";"0.062752 +/- 0.046277";"0.06705 (0.016762;0.1341)";"0.06705 (0;0.06705)";4.0506e-10;0.33922;0.45074;0.52515;0.52515
"X_264766.txt.gz1.tbl.gz";"0.0483 +/- 0.049939";"0.036977 +/- 0.043667";"0.0759 (0;0.0759)";"0 (0;0.0759)";1.4752e-12;0.66842;0.43323;0.30072;0.30072
"X_266653.txt.gz1.tbl.gz";"0.14218 +/- 0.025727";"0.14171 +/- 0.0312";"0.15267 (0.12482;0.15267)";"0.15267 (0.12482;0.15267)";5.9115e-05;0.39094;0.29015;0.94849;0.94849
"X_26872.txt.gz1.tbl.gz";"0.057682 +/- 0.078102";"0.039317 +/- 0.056805";"0 (0;0.10575)";"0 (0;0.10575)";9.6448e-14;0.22267;0.055112;0.22267;0.22267
"X_269274.txt.gz1.tbl.gz";"0.15908 +/- 0.044271";"0.14508 +/- 0.071818";"0.18082 (0.1271;0.18082)";"0.14675 (0.10745;0.18082)";2.8525e-05;0.020866;0.012458;0.38767;0.38767
"X_270854.txt.gz1.tbl.gz";"0.03242 +/- 0.058181";"0.046737 +/- 0.05178";"0 (0;0.059438)";"0.039625 (0;0.07925)";2.7503e-12;0.081293;0.4975;0.26782;0.26782
"X_27239.txt.gz1.tbl.gz";"0.063409 +/- 0.047693";"0.093 +/- 0.049852";"0.06975 (0.017438;0.06975)";"0.06975 (0.06975;0.1395)";1.0932e-10;0.18054;0.80251;0.014785;0.014785
"X_272862.txt.gz1.tbl.gz";"0.0086455 +/- 0.043535";"0.018917 +/- 0.038656";"0.0103 (-0.0357;0.049863)";"0.0103 (0.00515;0.05115)";1.5792e-05;0.5179;0.48877;0.28709;0.28709
"X_273129.txt.gz1.tbl.gz";"0.028525 +/- 0.050912";"0.031413 +/- 0.051624";"0 (0;0.067237)";"0 (0;0.08965)";1.0144e-14;0.81672;0.9371;0.81672;0.81672
"X_274268.txt.gz1.tbl.gz";"-0.01808 +/- 0.034122";"-0.041218 +/- 0.05226";"0 (0;0)";"0 (-0.07955;0)";3.4447e-13;0.05302;0.025847;0.05302;0.05302
"X_27473.txt.gz1.tbl.gz";"-0.019443 +/- 0.036695";"-0.026323 +/- 0.046364";"0 (0;0)";"0 (-0.08555;0)";1.839e-15;0.52309;0.20334;0.52309;0.52309
"X_27483.txt.gz1.tbl.gz";"0.085494 +/- 0.033881";"0.096295 +/- 0.031091";"0.09585 (0.059906;0.09585)";"0.09585 (0.09585;0.09585)";5.3747e-11;0.69514;0.61882;0.16143;0.16143
"X_27602.txt.gz1.tbl.gz";"-0.12314 +/- 0.045691";"-0.11908 +/- 0.046158";"-0.1548 (-0.1548;-0.0774)";"-0.1548 (-0.1548;-0.0774)";3.1694e-13;0.71582;0.9539;0.71582;0.71582
"X_276230.txt.gz1.tbl.gz";"-0.1089 +/- 0.088916";"-0.12984 +/- 0.068105";"-0.1089 (-0.2178;0)";"-0.1089 (-0.2178;-0.1089)";1.6009e-10;0.078079;0.11115;0.23797;0.23797
"X_276366.txt.gz1.tbl.gz";"-0.18853 +/- 0.045617";"-0.19634 +/- 0.042252";"-0.2127 (-0.2127;-0.2127)";"-0.2127 (-0.2127;-0.2127)";1.4954e-17;0.45364;0.65789;0.45364;0.45364
"X_27654.txt.gz1.tbl.gz";"-0.015382 +/- 0.052741";"-0.013015 +/- 0.036271";"0 (0;0)";"0 (0;0)";9.0374e-19;0.80865;0.022922;0.80865;0.80865
"X_276856.txt.gz1.tbl.gz";"-0.13949 +/- 0.03247";"-0.13728 +/- 0.056144";"-0.13563 (-0.16774;-0.10889)";"-0.12942 (-0.16686;-0.10929)";0.0077723;0.10016;0.0052554;0.86076;0.86076
"X_277051.txt.gz1.tbl.gz";"-0.12162 +/- 0.067918";"-0.12495 +/- 0.064691";"-0.0991 (-0.1982;-0.0991)";"-0.0991 (-0.1982;-0.0991)";8.3522e-11;0.94487;0.77962;0.83366;0.83366
"X_277135.txt.gz1.tbl.gz";"0.039933 +/- 0.028827";"0.040413 +/- 0.029361";"0.053117 (0.034383;0.056133)";"0.034383 (0.012633;0.059433)";0.0065527;0.27688;0.91699;0.94589;0.94589
"X_278035.txt.gz1.tbl.gz";"-0.087864 +/- 0.072505";"-0.10285 +/- 0.066706";"-0.09665 (-0.09665;0)";"-0.09665 (-0.1933;-0.09665)";3.8065e-10;0.56041;0.62958;0.36359;0.36359
"X_278163.txt.gz1.tbl.gz";"0.14755 +/- 0.056859";"0.13466 +/- 0.0586";"0.14483 (0.10805;0.1816)";"0.14255 (0.10805;0.1816)";4.2095e-05;0.93841;0.86435;0.36155;0.36155
"X_278515.txt.gz1.tbl.gz";"-0.11744 +/- 0.066103";"-0.0742 +/- 0.066412";"-0.10335 (-0.18086;-0.10335)";"-0.10335 (-0.10335;0)";1.0584e-10;0.52175;0.97885;0.008169;0.008169
"X_278926.txt.gz1.tbl.gz";"-0.11845 +/- 0.026474";"-0.10777 +/- 0.032102";"-0.12408 (-0.12408;-0.093)";"-0.12408 (-0.12408;-0.081431)";2.1427e-06;0.36697;0.29042;0.15655;0.15655
"X_279756.txt.gz1.tbl.gz";"-0.10065 +/- 0.041229";"-0.088718 +/- 0.048482";"-0.1038 (-0.1384;-0.0692)";"-0.0692 (-0.1384;-0.0692)";3.7519e-11;0.86503;0.37119;0.29558;0.29558
"X_280925.txt.gz1.tbl.gz";"-0.0713 +/- 0.039247";"-0.080441 +/- 0.047586";"-0.0682 (-0.0682;-0.0682)";"-0.0682 (-0.1364;-0.0682)";1.6009e-10;0.10833;0.29063;0.41166;0.41166
"X_281650.txt.gz1.tbl.gz";"-0.13807 +/- 0.049852";"-0.12851 +/- 0.068599";"-0.10125 (-0.2025;-0.10125)";"-0.10125 (-0.2025;-0.10125)";3.3336e-11;0.18298;0.087963;0.54406;0.54406
"X_281923.txt.gz1.tbl.gz";"0.055045 +/- 0.039097";"0.058357 +/- 0.048373";"0.056174 (0.031471;0.079383)";"0.06995 (0.021875;0.10022)";0.0048956;0.25091;0.24484;0.76881;0.76881
"X_282256.txt.gz1.tbl.gz";"-0.023409 +/- 0.017763";"-0.028821 +/- 0.023422";"-0.026975 (-0.031446;-0.0028899)";"-0.025017 (-0.052971;0)";4.3283e-07;0.12347;0.13587;0.31784;0.31784
"X_282882.txt.gz1.tbl.gz";"-0.12223 +/- 0.075286";"-0.15075 +/- 0.086246";"-0.12344 (-0.17922;-0.044625)";"-0.14575 (-0.19038;-0.092219)";0.00014136;0.61402;0.45085;0.16285;0.16285
"X_282919.txt.gz1.tbl.gz";"0.14438 +/- 0.090496";"0.15271 +/- 0.090689";"0.13235 (0.13235;0.23161)";"0.13235 (0.13235;0.2647)";1.996e-10;0.78929;0.99031;0.70428;0.70428
"X_283129.txt.gz1.tbl.gz";"0.25995 +/- 0.028356";"0.24042 +/- 0.060845";"0.266 (0.266;0.266)";"0.266 (0.266;0.266)";5.1198e-18;0.14815;0.00019904;0.14815;0.14815
"X_28351.txt.gz1.tbl.gz";"-0.014973 +/- 0.032509";"-0.032729 +/- 0.046622";"0 (0;0)";"0 (-0.08235;0)";1.7603e-14;0.097629;0.056052;0.097629;0.097629
"X_28373.txt.gz1.tbl.gz";"-0.076874 +/- 0.057455";"-0.084543 +/- 0.066854";"-0.0863 (-0.12439;-0.04315)";"-0.0863 (-0.13517;-0.04315)";8.3737e-06;0.38225;0.40208;0.62587;0.62587
"X_284113.txt.gz1.tbl.gz";"0.10117 +/- 0.052711";"0.098495 +/- 0.046444";"0.1436 (0.0718;0.1436)";"0.0718 (0.0718;0.1436)";1.367e-11;0.76961;0.46036;0.81718;0.81718
"X_284313.txt.gz1.tbl.gz";"0.28894 +/- 0.044534";"0.27942 +/- 0.054961";"0.3027 (0.3027;0.3027)";"0.3027 (0.3027;0.3027)";3.4921e-18;0.4575;0.25025;0.4575;0.4575
"X_284453.txt.gz1.tbl.gz";"-0.039542 +/- 0.033047";"-0.030849 +/- 0.044325";"-0.032754 (-0.053596;-0.025198)";"-0.029804 (-0.067154;-0.0069375)";0.042834;0.090735;0.11465;0.39516;0.39516
"X_28482.txt.gz1.tbl.gz";"-0.12526 +/- 0.041307";"-0.12469 +/- 0.046536";"-0.1621 (-0.1621;-0.08105)";"-0.1621 (-0.1621;-0.08105)";3.1256e-13;0.95892;0.50699;0.95892;0.95892
"X_284949.txt.gz1.tbl.gz";"0.090136 +/- 0.043491";"0.079659 +/- 0.048067";"0.0661 (0.0661;0.1322)";"0.0661 (0.0661;0.1322)";1.1437e-10;0.87787;0.57613;0.3593;0.3593
"X_285163.txt.gz1.tbl.gz";"-0.054711 +/- 0.044989";"-0.038985 +/- 0.039845";"-0.06335 (-0.06335;0)";"-0.06335 (-0.06335;0)";2.677e-11;0.75254;0.47932;0.11531;0.11531
"X_287173.txt.gz1.tbl.gz";"0.061682 +/- 0.046393";"0.090467 +/- 0.048494";"0.06785 (0.016962;0.06785)";"0.06785 (0.06785;0.1357)";1.0932e-10;0.18054;0.80251;0.014785;0.014785
"X_287515.txt.gz1.tbl.gz";"0.36121 +/- 0.078313";"0.38337 +/- 0.053464";"0.3987 (0.3987;0.3987)";"0.3987 (0.3987;0.3987)";4.9113e-19;0.12731;0.020243;0.12731;0.12731
"X_288849.txt.gz1.tbl.gz";"-0.027356 +/- 0.03949";"-0.033321 +/- 0.037893";"-0.028412 (-0.042875;0.0019354)";"-0.030071 (-0.0619;-0.0096375)";0.46222;0.85759;0.81264;0.51974;0.51974
"X_288937.txt.gz1.tbl.gz";"0.038818 +/- 0.043524";"0.027372 +/- 0.044585";"0 (0;0.0854)";"0 (0;0.0854)";1.8032e-14;0.28774;0.89134;0.28774;0.28774
"X_289059.txt.gz1.tbl.gz";"-0.042545 +/- 0.052337";"-0.049333 +/- 0.066464";"0 (-0.104;0)";"0 (-0.104;0)";3.8886e-13;0.65989;0.19412;0.65989;0.65989
"X_29435.txt.gz1.tbl.gz";"0.091927 +/- 0.037655";"0.075354 +/- 0.045617";"0.0948 (0.0632;0.1264)";"0.0632 (0.0632;0.1264)";1.0066e-10;0.95776;0.29264;0.12217;0.12217
"X_294525.txt.gz1.tbl.gz";"-0.095203 +/- 0.034105";"-0.091104 +/- 0.035061";"-0.12365 (-0.12365;-0.064538)";"-0.085958 (-0.12365;-0.061825)";3.7826e-11;0.48704;0.87551;0.62727;0.62727
"X_294858.txt.gz1.tbl.gz";"0.049636 +/- 0.043072";"0.060375 +/- 0.043971";"0.06825 (0;0.06825)";"0.06825 (0;0.06825)";7.5841e-11;0.79483;0.90659;0.31209;0.31209
"X_295275.txt.gz1.tbl.gz";"-0.051591 +/- 0.04274";"-0.042353 +/- 0.032024";"-0.04055 (-0.0811;-0.04055)";"-0.04055 (-0.060725;-0.010138)";6.8869e-08;0.25768;0.083517;0.27144;0.27144
"X_295331.txt.gz1.tbl.gz";"-0.051577 +/- 0.047097";"-0.054745 +/- 0.052966";"-0.08105 (-0.08105;0)";"-0.08105 (-0.08105;0)";2.6959e-11;0.53647;0.51318;0.80041;0.80041
"X_296066.txt.gz1.tbl.gz";"-0.19332 +/- 0.06528";"-0.20043 +/- 0.053808";"-0.2299 (-0.2299;-0.14369)";"-0.2299 (-0.2299;-0.2299)";1.0712e-15;0.60358;0.25409;0.60358;0.60358
"X_29611.txt.gz1.tbl.gz";"0.020302 +/- 0.043877";"0.02805 +/- 0.062948";"0.0106 (-0.00025;0.02145)";"0.0106 (-5e-04;0.02145)";1.4632e-12;0.38216;0.055812;0.59007;0.59007
"X_297060.txt.gz1.tbl.gz";"0.13631 +/- 0.038639";"0.14236 +/- 0.035016";"0.1621 (0.08105;0.1621)";"0.1621 (0.1621;0.1621)";4.6312e-16;0.48614;0.56776;0.48614;0.48614
"X_297257.txt.gz1.tbl.gz";"-0.052725 +/- 0.054264";"-0.055571 +/- 0.043097";"-0.06105 (-0.1221;0)";"-0.06105 (-0.06105;0)";3.7008e-10;0.022766;0.17123;0.79704;0.79704
"X_297315.txt.gz1.tbl.gz";"-0.092132 +/- 0.063351";"-0.095907 +/- 0.08791";"-0.07555 (-0.16645;-0.037775)";"-0.056663 (-0.16645;-0.037775)";1.2345e-07;0.22544;0.080444;0.85138;0.85138
"X_29798.txt.gz1.tbl.gz";"-0.049939 +/- 0.088733";"-0.056081 +/- 0.1147";"0 (-0.042868;0)";"0 (0;0)";4.2423e-16;0.817;0.16466;0.817;0.817
"X_298282.txt.gz1.tbl.gz";"0.10465 +/- 0.036669";"0.11438 +/- 0.040892";"0.07195 (0.07195;0.1439)";"0.1439 (0.07195;0.1439)";2.1055e-13;0.74225;0.54322;0.31652;0.31652
"X_298535.txt.gz1.tbl.gz";"0.02413 +/- 0.11451";"0.02013 +/- 0.10398";"0.011217 (0;0.11954)";"0 (-0.0597;0.13447)";8.2037e-05;0.69609;0.57562;0.87648;0.87648
"X_29919.txt.gz1.tbl.gz";"0.025087 +/- 0.030987";"0.035987 +/- 0.037968";"0.02645 (-0.00078333;0.053683)";"0.030883 (0.022213;0.054467)";0.015701;0.39116;0.2661;0.2201;0.2201
"X_299259.txt.gz1.tbl.gz";"-0.023127 +/- 0.038655";"-0.038051 +/- 0.055762";"0 (-0.0636;0)";"0 (-0.0848;0)";5.8601e-14;0.24242;0.052453;0.24242;0.24242
"X_29931.txt.gz1.tbl.gz";"0.023828 +/- 0.036922";"0.018045 +/- 0.032988";"0.016012 (0.0003707;0.05245)";"0.02135 (0.0076924;0.041775)";0.00062618;0.31605;0.51215;0.48104;0.48104
"X_299471.txt.gz1.tbl.gz";"0.075925 +/- 0.043793";"0.085984 +/- 0.041561";"0.074825 (0.044362;0.10529)";"0.08545 (0.0642;0.1223)";0.00022325;0.37479;0.76341;0.32415;0.32415
"X_300066.txt.gz1.tbl.gz";"0.084502 +/- 0.066147";"0.099531 +/- 0.092279";"0.1362 (0;0.1362)";"0.1362 (0;0.1362)";4.3583e-11;0.2282;0.075986;0.47767;0.47767
"X_300467.txt.gz1.tbl.gz";"-0.094324 +/- 0.034551";"-0.070726 +/- 0.047068";"-0.080804 (-0.10299;-0.069608)";"-0.084317 (-0.10485;-0.046127)";0.0039715;0.14247;0.097741;0.031063;0.031063
"X_302550.txt.gz1.tbl.gz";"0.18934 +/- 0.080684";"0.17089 +/- 0.10236";"0.13885 (0.13885;0.2777)";"0.13885 (0.13885;0.2777)";8.9304e-11;0.26372;0.19593;0.43793;0.43793
"X_302836.txt.gz1.tbl.gz";"0.1638 +/- 0.039633";"0.15333 +/- 0.048383";"0.1848 (0.1848;0.1848)";"0.1848 (0.0924;0.1848)";9.093e-15;0.35471;0.27456;0.35471;0.35471
"X_302952.txt.gz1.tbl.gz";"-0.0012748 +/- 0.039414";"0.008593 +/- 0.056131";"0.0030536 (-0.034588;0.030475)";"0.007025 (-0.03905;0.046129)";0.058591;0.043286;0.06059;0.44236;0.44236
"X_30303.txt.gz1.tbl.gz";"-0.024236 +/- 0.032816";"-0.036743 +/- 0.04249";"0 (-0.06665;0)";"0 (-0.06665;0)";1.3802e-12;0.20508;0.16203;0.20508;0.20508
"X_30389.txt.gz1.tbl.gz";"0.11216 +/- 0.084864";"0.10545 +/- 0.081648";"0.1175 (0.029375;0.1175)";"0.1175 (0;0.1175)";3.103e-10;0.91645;0.82451;0.73641;0.73641
"X_304961.txt.gz1.tbl.gz";"0.03415 +/- 0.045938";"0.035522 +/- 0.042076";"0 (0;0.0683)";"0 (0;0.0683)";2.035e-12;0.89492;0.61109;0.89492;0.89492
"X_30507.txt.gz1.tbl.gz";"0.058943 +/- 0.054458";"0.061439 +/- 0.079142";"0.10358 (0;0.10358)";"0.045075 (0;0.10358)";1.0404e-06;0.074075;0.0482;0.88993;0.88993
"X_30543.txt.gz1.tbl.gz";"-0.097336 +/- 0.046213";"-0.085834 +/- 0.056073";"-0.075525 (-0.1464;-0.0732)";"-0.07785 (-0.1464;-0.0732)";1.9086e-09;0.49607;0.28887;0.3807;0.3807
"X_305755.txt.gz1.tbl.gz";"-0.14445 +/- 0.080665";"-0.1484 +/- 0.076833";"-0.1177 (-0.2354;-0.1177)";"-0.1177 (-0.2354;-0.1177)";8.3522e-11;0.94488;0.77962;0.83366;0.83366
"X_306612.txt.gz1.tbl.gz";"0.15966 +/- 0.10741";"0.14722 +/- 0.097825";"0.1351 (0.1351;0.2702)";"0.1351 (0.1351;0.2702)";3.5795e-10;0.36161;0.58807;0.60735;0.60735
"X_306952.txt.gz1.tbl.gz";"-0.12851 +/- 0.059281";"-0.13647 +/- 0.048385";"-0.1767 (-0.1767;-0.08835)";"-0.1767 (-0.1767;-0.08835)";7.0727e-13;0.51852;0.22996;0.51852;0.51852
"X_307766.txt.gz1.tbl.gz";"0.085977 +/- 0.062041";"0.098865 +/- 0.046861";"0.07275 (0.018188;0.1455)";"0.07275 (0.07275;0.1455)";3.7658e-11;0.11531;0.092908;0.29302;0.29302
"X_307962.txt.gz1.tbl.gz";"0.093523 +/- 0.12259";"0.12398 +/- 0.14955";"0 (0;0.20575)";"0 (0;0.20575)";3.1637e-12;0.38376;0.2761;0.38376;0.38376
"X_311564.txt.gz1.tbl.gz";"0.15002 +/- 0.042524";"0.15667 +/- 0.038537";"0.1784 (0.0892;0.1784)";"0.1784 (0.1784;0.1784)";4.6312e-16;0.48614;0.56776;0.48614;0.48614
"X_31226.txt.gz1.tbl.gz";"0.027873 +/- 0.041762";"0.039308 +/- 0.050208";"0 (0;0.0876)";"0 (0;0.0876)";1.3379e-13;0.33135;0.31151;0.33135;0.33135
"X_31321.txt.gz1.tbl.gz";"0.027645 +/- 0.08948";"0.023392 +/- 0.081558";"0 (0;0)";"0 (0;0)";1.1556e-19;0.83297;0.59104;0.83297;0.83297
"X_316692.txt.gz1.tbl.gz";"0.13082 +/- 0.11673";"0.11807 +/- 0.10563";"0.1439 (0;0.25182)";"0.1439 (0;0.1439)";2.3385e-10;0.54889;0.56187;0.62633;0.62633
"X_31688.txt.gz1.tbl.gz";"-0.040209 +/- 0.13014";"-0.068046 +/- 0.16062";"0 (0;0)";"0 (0;0)";3.4921e-18;0.4575;0.25025;0.4575;0.4575
"X_316970.txt.gz1.tbl.gz";"-0.16107 +/- 0.10665";"-0.15282 +/- 0.13025";"-0.15325 (-0.22505;-0.076625)";"-0.14868 (-0.22505;-0.076625)";3.0924e-06;0.35768;0.27369;0.78619;0.78619
"X_317228.txt.gz1.tbl.gz";"-0.13036 +/- 0.08171";"-0.16087 +/- 0.083566";"-0.1195 (-0.20912;-0.1195)";"-0.1195 (-0.239;-0.1195)";5.9309e-11;0.21957;0.89863;0.13194;0.13194
"X_317349.txt.gz1.tbl.gz";"-0.065152 +/- 0.054467";"-0.044999 +/- 0.051991";"-0.073292 (-0.097677;-0.019167)";"-0.037804 (-0.083952;-0.0056813)";0.0022497;0.66831;0.78914;0.11524;0.11524
"X_317551.txt.gz1.tbl.gz";"-0.03459 +/- 0.040593";"-0.051482 +/- 0.035683";"-0.034488 (-0.06825;-0.007025)";"-0.067525 (-0.085894;-0.02485)";1.1123e-06;0.36049;0.4519;0.060102;0.060102
"X_317749.txt.gz1.tbl.gz";"0.063091 +/- 0.047453";"0.092533 +/- 0.049601";"0.0694 (0.01735;0.0694)";"0.0694 (0.0694;0.1388)";1.0932e-10;0.18054;0.80251;0.014785;0.014785
"X_31785.txt.gz1.tbl.gz";"-0.026032 +/- 0.052543";"-0.028146 +/- 0.043805";"0 (0;0)";"0 (-0.09545;0)";2.3507e-15;0.84884;0.2841;0.84884;0.84884
"X_318150.txt.gz1.tbl.gz";"0.28348 +/- 0.063571";"0.26959 +/- 0.083585";"0.29316 (0.25143;0.32841)";"0.29316 (0.24405;0.32841)";1.5558e-05;0.20354;0.13975;0.47236;0.47236
"X_318238.txt.gz1.tbl.gz";"0.40616 +/- 0.062601";"0.40368 +/- 0.064964";"0.4255 (0.4255;0.4255)";"0.4255 (0.4255;0.4255)";3.9634e-19;0.87373;0.83398;0.87373;0.87373
"X_319150.txt.gz1.tbl.gz";"-0.025153 +/- 0.029854";"-0.024146 +/- 0.029025";"-0.0323 (-0.033725;0.0010688)";"-0.0323 (-0.033725;0.001425)";5.1891e-08;0.98201;0.87187;0.88665;0.88665
"X_319436.txt.gz1.tbl.gz";"-0.072068 +/- 0.13601";"-0.14229 +/- 0.18175";"0 (0;0)";"0 (-0.3171;0)";8.0303e-14;0.095806;0.11908;0.095806;0.095806
"X_319550.txt.gz1.tbl.gz";"0.26098 +/- 0.13013";"0.24809 +/- 0.13886";"0.21265 (0.21265;0.4253)";"0.21265 (0.21265;0.4253)";6.7886e-11;0.74395;0.71478;0.69769;0.69769
"X_319954.txt.gz1.tbl.gz";"0.062318 +/- 0.046872";"0.0914 +/- 0.048994";"0.06855 (0.017138;0.06855)";"0.06855 (0.06855;0.1371)";1.0932e-10;0.18054;0.80251;0.014785;0.014785
"X_32101.txt.gz1.tbl.gz";"-0.04075 +/- 0.066211";"-0.03563 +/- 0.048654";"0 (-0.08965;0)";"0 (-0.08965;0)";9.6448e-14;0.6894;0.063876;0.6894;0.6894
"X_321365.txt.gz1.tbl.gz";"0.12834 +/- 0.034367";"0.12691 +/- 0.045368";"0.11305 (0.10684;0.1613)";"0.11305 (0.10684;0.1613)";1.3844e-07;0.23036;0.13436;0.89109;0.89109
"X_321774.txt.gz1.tbl.gz";"0.059159 +/- 0.041115";"0.04529 +/- 0.04092";"0.059562 (0.038688;0.0835)";"0.047875 (0;0.0835)";4.2056e-07;0.85202;0.97846;0.16391;0.16391
"X_322040.txt.gz1.tbl.gz";"0.031068 +/- 0.040723";"0.041185 +/- 0.047174";"0 (0;0.06835)";"0 (0;0.06835)";4.6752e-12;0.36312;0.41563;0.36312;0.36312
"X_323423.txt.gz1.tbl.gz";"0.08733 +/- 0.04282";"0.084936 +/- 0.047627";"0.06625 (0.06625;0.1325)";"0.06625 (0.06625;0.1325)";5.9309e-11;0.45777;0.55266;0.83208;0.83208
"X_323550.txt.gz1.tbl.gz";"-0.41411 +/- 0.21026";"-0.3431 +/- 0.20188";"-0.5694 (-0.5694;-0.2847)";"-0.2847 (-0.5694;-0.2847)";8.6218e-11;0.95892;0.81533;0.15193;0.15193
"X_328321.txt.gz1.tbl.gz";"0.069639 +/- 0.063557";"0.086134 +/- 0.071773";"0.078225 (0.017717;0.1184)";"0.098067 (0.036087;0.13873)";0.0052911;0.88799;0.49883;0.33205;0.33205
"X_329050.txt.gz1.tbl.gz";"-0.087083 +/- 0.055104";"-0.091793 +/- 0.04975";"-0.076775 (-0.11626;-0.049458)";"-0.07915 (-0.13041;-0.058953)";0.068151;0.80594;0.55289;0.70256;0.70256
"X_329130.txt.gz1.tbl.gz";"-0.077019 +/- 0.053867";"-0.076214 +/- 0.062944";"-0.06245 (-0.11112;-0.031225)";"-0.0799 (-0.11112;-0.031225)";3.056e-06;0.15466;0.38953;0.9566;0.9566
"X_329275.txt.gz1.tbl.gz";"-0.026823 +/- 0.047874";"-0.030262 +/- 0.048937";"0 (-0.063225;0)";"0 (-0.0843;0)";1.1022e-14;0.77057;0.90082;0.77057;0.77057
"X_32932.txt.gz1.tbl.gz";"0.056466 +/- 0.045072";"0.054004 +/- 0.054152";"0.0739 (0;0.0739)";"0.0739 (0;0.0739)";1.0252e-10;0.12409;0.31319;0.84591;0.84591
"X_329455.txt.gz1.tbl.gz";"0.0099636 +/- 0.046734";"0.025292 +/- 0.046476";"0 (0;0)";"0 (0;0)";6.481e-17;0.17549;0.97486;0.17549;0.17549
"X_329692.txt.gz1.tbl.gz";"0.056097 +/- 0.030093";"0.053476 +/- 0.035276";"0.047542 (0.043827;0.075992)";"0.04615 (0.0387;0.075358)";0.010011;0.45578;0.38024;0.75184;0.75184
"X_330258.txt.gz1.tbl.gz";"-0.084034 +/- 0.052516";"-0.079638 +/- 0.050239";"-0.07395 (-0.1479;-0.07395)";"-0.07395 (-0.1479;-0.07395)";2.4666e-10;0.75254;0.79897;0.72045;0.72045
"X_33092.txt.gz1.tbl.gz";"0.055629 +/- 0.042929";"0.069303 +/- 0.045429";"0.042967 (0.039783;0.08485)";"0.08485 (0.039783;0.11626)";6.5433e-06;0.42265;0.7497;0.21015;0.21015
"X_331062.txt.gz1.tbl.gz";"0.075719 +/- 0.03185";"0.074372 +/- 0.034559";"0.08045 (0.061297;0.10344)";"0.08045 (0.051725;0.089038)";0.00011948;0.65548;0.64709;0.86988;0.86988
"X_331127.txt.gz1.tbl.gz";"-0.33638 +/- 0.036692";"-0.32214 +/- 0.057909";"-0.3442 (-0.3442;-0.3442)";"-0.3442 (-0.3442;-0.3442)";7.0571e-19;0.27789;0.017765;0.27789;0.27789
"X_331321.txt.gz1.tbl.gz";"-0.081364 +/- 0.11017";"-0.10614 +/- 0.13359";"0 (-0.22375;0)";"0 (-0.22375;0)";3.0851e-13;0.42797;0.29032;0.42797;0.42797
"X_331733.txt.gz1.tbl.gz";"0.14373 +/- 0.069348";"0.16621 +/- 0.062458";"0.1054 (0.1054;0.2108)";"0.2108 (0.1054;0.2108)";5.1523e-13;0.3808;0.54325;0.14883;0.14883
"X_332049.txt.gz1.tbl.gz";"-0.25193 +/- 0.071618";"-0.25167 +/- 0.07828";"-0.26102 (-0.3239;-0.22482)";"-0.26102 (-0.3239;-0.22482)";7.9014e-09;0.39445;0.61848;0.98877;0.98877
"X_332337.txt.gz1.tbl.gz";"-0.036552 +/- 0.044964";"-0.042384 +/- 0.057102";"0 (-0.08935;0)";"0 (-0.08935;0)";3.8886e-13;0.65989;0.19412;0.65989;0.65989
"X_332451.txt.gz1.tbl.gz";"0.18713 +/- 0.086322";"0.17153 +/- 0.091949";"0.2573 (0.12865;0.2573)";"0.12865 (0.12865;0.2573)";1.6811e-11;0.58853;0.7223;0.47838;0.47838
"X_333257.txt.gz1.tbl.gz";"0.022426 +/- 0.046808";"0.028335 +/- 0.04017";"0.040275 (-0.0066062;0.04405)";"0.040275 (-0.003775;0.04405)";4.208e-07;0.76219;0.37021;0.55841;0.55841
"X_333650.txt.gz1.tbl.gz";"0.064041 +/- 0.030673";"0.060556 +/- 0.03283";"0.066112 (0.043975;0.08825)";"0.066112 (0.043975;0.073688)";0.0034516;0.63309;0.70237;0.65672;0.65672
"X_333933.txt.gz1.tbl.gz";"-0.19417 +/- 0.095205";"-0.21528 +/- 0.096991";"-0.1473 (-0.2946;-0.1473)";"-0.2946 (-0.2946;-0.1473)";5.1122e-12;0.80085;0.91599;0.36746;0.36746
"X_335280.txt.gz1.tbl.gz";"-0.042969 +/- 0.039117";"-0.046426 +/- 0.041356";"-0.04815 (-0.059675;-0.011525)";"-0.04815 (-0.0963;-0.011525)";1.6933e-06;0.37256;0.75381;0.72693;0.72693
"X_335650.txt.gz1.tbl.gz";"-0.21255 +/- 0.04006";"-0.20032 +/- 0.055709";"-0.2281 (-0.2281;-0.2281)";"-0.2281 (-0.2281;-0.2281)";1.178e-16;0.33922;0.078623;0.33922;0.33922
"X_335851.txt.gz1.tbl.gz";"0.064227 +/- 0.048308";"0.0942 +/- 0.050495";"0.07065 (0.017662;0.07065)";"0.07065 (0.07065;0.1413)";1.0932e-10;0.18054;0.80251;0.014785;0.014785
"X_336050.txt.gz1.tbl.gz";"0.089161 +/- 0.054605";"0.078238 +/- 0.046495";"0.07265 (0.07265;0.1453)";"0.07265 (0.07265;0.07265)";1.5986e-10;0.13522;0.34549;0.35164;0.35164
"X_336476.txt.gz1.tbl.gz";"0.018778 +/- 0.056685";"0.014846 +/- 0.051761";"0 (0;0)";"0 (0;0)";1.4555e-19;0.75859;0.59857;0.75859;0.75859
"X_336651.txt.gz1.tbl.gz";"-0.24181 +/- 0.094792";"-0.22136 +/- 0.079705";"-0.26295 (-0.30755;-0.17608)";"-0.22068 (-0.30332;-0.17608)";7.5835e-05;0.14138;0.30801;0.31093;0.31093
"X_33678.txt.gz1.tbl.gz";"0.10938 +/- 0.053922";"0.10982 +/- 0.061512";"0.09625 (0.09625;0.09625)";"0.09625 (0.09625;0.1925)";3.8677e-11;0.38019;0.46465;0.97533;0.97533
"X_337649.txt.gz1.tbl.gz";"-0.22824 +/- 0.071433";"-0.23002 +/- 0.079632";"-0.20275 (-0.287;-0.17312)";"-0.2475 (-0.287;-0.16325)";6.6002e-06;0.3657;0.54446;0.92462;0.92462
"X_337849.txt.gz1.tbl.gz";"-0.032264 +/- 0.048341";"-0.0273 +/- 0.045268";"0 (-0.1014;0)";"0 (-0.1014;0)";8.5712e-16;0.65547;0.70487;0.65547;0.65547
"X_33871.txt.gz1.tbl.gz";"0.060727 +/- 0.045675";"0.089067 +/- 0.047743";"0.0668 (0.0167;0.0668)";"0.0668 (0.0668;0.1336)";1.0932e-10;0.18054;0.80251;0.014785;0.014785
"X_33897.txt.gz1.tbl.gz";"0.086495 +/- 0.047178";"0.10072 +/- 0.041736";"0.08595 (0.044975;0.12693)";"0.08995 (0.08595;0.13093)";8.9633e-06;0.56978;0.47512;0.1732;0.1732
"X_339654.txt.gz1.tbl.gz";"0.086691 +/- 0.083738";"0.071826 +/- 0.079996";"0.1192 (0;0.1192)";"0.0596 (0;0.1192)";1.6316e-11;0.51151;0.79277;0.44789;0.44789
"X_33977.txt.gz1.tbl.gz";"0.027809 +/- 0.041666";"0.023531 +/- 0.039018";"0 (0;0.0874)";"0 (0;0.0874)";8.5712e-16;0.65547;0.70487;0.65547;0.65547
"X_34056.txt.gz1.tbl.gz";"0.12837 +/- 0.045586";"0.13176 +/- 0.040957";"0.1569 (0.07845;0.1569)";"0.1569 (0.07845;0.1569)";8.7343e-15;0.73929;0.5337;0.73929;0.73929
"X_341350.txt.gz1.tbl.gz";"-0.030799 +/- 0.041672";"-0.031872 +/- 0.045218";"-0.045875 (-0.05095;-0.005075)";"-0.05095 (-0.05095;-0.005075)";1.9531e-06;0.82224;0.64706;0.92061;0.92061
"X_342021.txt.gz1.tbl.gz";"0.1277 +/- 0.074711";"0.1388 +/- 0.061537";"0.1366 (0.1366;0.1949)";"0.1366 (0.1366;0.1949)";1.0791e-10;0.51437;0.25229;0.47834;0.47834
"X_342154.txt.gz1.tbl.gz";"-0.055054 +/- 0.022367";"-0.061595 +/- 0.033311";"-0.053817 (-0.0671;-0.044133)";"-0.057417 (-0.077683;-0.044133)";0.047571;0.060861;0.036227;0.38857;0.38857
"X_342359.txt.gz1.tbl.gz";"0.025255 +/- 0.0696";"0.048081 +/- 0.080174";"0 (0;0)";"0 (0;0.1389)";2.0446e-15;0.2285;0.43317;0.2285;0.2285
"X_342763.txt.gz1.tbl.gz";"0.11865 +/- 0.047271";"0.10445 +/- 0.053319";"0.1582 (0.0791;0.1582)";"0.0791 (0.0791;0.1582)";1.8816e-11;0.68543;0.50285;0.26156;0.26156
"X_343154.txt.gz1.tbl.gz";"-0.16982 +/- 0.15407";"-0.13845 +/- 0.10107";"-0.1417 (-0.1417;-0.07085)";"-0.1417 (-0.1417;-0.07085)";2.3238e-13;0.024598;0.0098997;0.25922;0.25922
"X_343221.txt.gz1.tbl.gz";"-0.12535 +/- 0.044511";"-0.12865 +/- 0.039991";"-0.1532 (-0.1532;-0.0766)";"-0.1532 (-0.1532;-0.0766)";8.7343e-15;0.73929;0.5337;0.73929;0.73929
"X_343434.txt.gz1.tbl.gz";"-0.067493 +/- 0.033942";"-0.073927 +/- 0.037643";"-0.06975 (-0.09495;-0.047475)";"-0.07815 (-0.10882;-0.047475)";0.0026553;0.99649;0.56335;0.47163;0.47163
"X_343553.txt.gz1.tbl.gz";"-0.062052 +/- 0.03113";"-0.068049 +/- 0.033967";"-0.067325 (-0.0809;-0.04045)";"-0.07185 (-0.10325;-0.04045)";0.00032016;0.91991;0.62515;0.45851;0.45851
"X_343810.txt.gz1.tbl.gz";"-0.024164 +/- 0.040388";"-0.026126 +/- 0.0454";"0 (-0.06645;0)";"0 (-0.0886;0)";2.3528e-15;0.85505;0.51473;0.85505;0.85505
"X_344553.txt.gz1.tbl.gz";"-0.031295 +/- 0.038498";"-0.036288 +/- 0.04889";"0 (-0.0765;0)";"0 (-0.0765;0)";3.8886e-13;0.65989;0.19412;0.65989;0.65989
"X_34467.txt.gz1.tbl.gz";"-0.00032423 +/- 0.05348";"0.003496 +/- 0.061908";"0.0037625 (-0.04179;0.031415)";"-0.00031667 (-0.039583;0.03215)";0.0014404;0.58625;0.41781;0.7932;0.7932
"X_344764.txt.gz1.tbl.gz";"-0.014815 +/- 0.037883";"-0.012279 +/- 0.036892";"0 (-0.044075;0)";"0 (-0.044075;0)";3.0302e-09;0.54921;0.87936;0.77768;0.77768
"X_344813.txt.gz1.tbl.gz";"-0.14279 +/- 0.17565";"-0.16558 +/- 0.22307";"0 (-0.34905;0)";"0 (-0.34905;0)";3.8886e-13;0.65989;0.19412;0.65989;0.65989
"X_344958.txt.gz1.tbl.gz";"0.05567 +/- 0.077764";"0.071836 +/- 0.086431";"0 (0;0.1648)";"0 (0;0.1648)";7.1279e-14;0.4308;0.55537;0.4308;0.4308
"X_34504.txt.gz1.tbl.gz";"-0.029723 +/- 0.037807";"-0.025351 +/- 0.042445";"0 (-0.07785;0)";"0 (-0.07785;0)";1.8675e-14;0.66345;0.51923;0.66345;0.66345
"X_345217.txt.gz1.tbl.gz";"0.099682 +/- 0.048096";"0.094655 +/- 0.045794";"0.0731 (0.0731;0.1462)";"0.0731 (0.0731;0.1462)";2.2956e-11;0.56041;0.77787;0.65387;0.65387
"X_345949.txt.gz1.tbl.gz";"-0.04742 +/- 0.11025";"-0.061525 +/- 0.11208";"0 (0;0)";"0 (-0.15649;0)";8.1389e-16;0.60207;0.92569;0.60207;0.60207
"X_34701.txt.gz1.tbl.gz";"-0.10806 +/- 0.052867";"-0.11436 +/- 0.065313";"-0.076187 (-0.16363;-0.066142)";"-0.089583 (-0.16176;-0.061467)";8.1324e-07;0.60278;0.24798;0.67892;0.67892
"X_347149.txt.gz1.tbl.gz";"0.071409 +/- 0.05371";"0.10473 +/- 0.056141";"0.07855 (0.019638;0.07855)";"0.07855 (0.07855;0.1571)";1.0932e-10;0.18054;0.80251;0.014785;0.014785
"X_348460.txt.gz1.tbl.gz";"0.067114 +/- 0.09907";"0.071932 +/- 0.09137";"0 (0;0.14765)";"0 (0;0.14765)";6.1086e-13;0.83064;0.6398;0.83064;0.83064
"X_348864.txt.gz1.tbl.gz";"0.16258 +/- 0.062678";"0.16724 +/- 0.059789";"0.2104 (0.1052;0.2104)";"0.2104 (0.1052;0.2104)";1.4273e-13;0.75007;0.78622;0.75007;0.75007
"X_349515.txt.gz1.tbl.gz";"-0.011773 +/- 0.077879";"-0.0059199 +/- 0.066806";"0 (0;0.03715)";"0 (0;0.03715)";1.6288e-13;0.40026;0.36882;0.7273;0.7273
"X_349977.txt.gz1.tbl.gz";"-0.03148 +/- 0.045426";"-0.029596 +/- 0.043372";"0 (-0.07695;0)";"0 (-0.07695;0)";5.8308e-14;0.85906;0.7903;0.85906;0.85906
"X_35091.txt.gz1.tbl.gz";"-0.0976 +/- 0.07969";"-0.11637 +/- 0.061038";"-0.0976 (-0.1952;0)";"-0.0976 (-0.1952;-0.0976)";1.6009e-10;0.078079;0.11115;0.23797;0.23797
"X_35193.txt.gz1.tbl.gz";"-0.17967 +/- 0.043472";"-0.17411 +/- 0.048722";"-0.2027 (-0.2027;-0.2027)";"-0.2027 (-0.2027;-0.10135)";1.1681e-15;0.63039;0.52526;0.63039;0.63039
"X_353826.txt.gz1.tbl.gz";"0 +/- 0";"-0.013542 +/- 0.043408";"0 (0;0)";"0 (0;0)";5.9608e-20;0.14805;0;0.14805;0.14805
"X_355424.txt.gz1.tbl.gz";"-0.024958 +/- 0.048987";"-0.027984 +/- 0.05186";"0 (-0.034481;0)";"0 (-0.045975;0)";3.9505e-15;0.80734;0.74813;0.80734;0.80734
"X_358153.txt.gz1.tbl.gz";"-0.22214 +/- 0.18331";"-0.25688 +/- 0.16188";"-0.24435 (-0.24435;0)";"-0.24435 (-0.24435;-0.24435)";2.7016e-10;0.36758;0.46866;0.39004;0.39004
"X_358354.txt.gz1.tbl.gz";"-0.045712 +/- 0.042396";"-0.039446 +/- 0.039929";"-0.043988 (-0.083806;0)";"-0.03565 (-0.066556;0)";2.4734e-08;0.58316;0.7297;0.52277;0.52277
"X_35924.txt.gz1.tbl.gz";"0.030994 +/- 0.065055";"0.012198 +/- 0.07446";"0.046733 (-0.02631;0.088473)";"0.016286 (-0.042302;0.071425)";3.8777e-05;0.37012;0.45371;0.2858;0.2858
"X_359372.txt.gz1.tbl.gz";"0.16478 +/- 0.043487";"0.16267 +/- 0.048885";"0.1908 (0.11925;0.1908)";"0.1908 (0.0954;0.1908)";2.3528e-15;0.85505;0.51473;0.85505;0.85505
"X_360154.txt.gz1.tbl.gz";"-0.077128 +/- 0.038067";"-0.082591 +/- 0.034909";"-0.0764 (-0.11893;-0.075412)";"-0.0764 (-0.11893;-0.0764)";2.463e-07;0.61868;0.61608;0.52657;0.52657
"X_360360.txt.gz1.tbl.gz";"0.10336 +/- 0.049873";"0.10107 +/- 0.049873";"0.0758 (0.0758;0.1516)";"0.0758 (0.0758;0.1516)";2.4219e-11;0.95423;1;0.84909;0.84909
"X_360577.txt.gz1.tbl.gz";"0.049623 +/- 0.032807";"0.045274 +/- 0.030973";"0.057083 (0.029633;0.070671)";"0.031283 (0.029633;0.057083)";0.00015763;0.9353;0.74045;0.56717;0.56717
"X_361170.txt.gz1.tbl.gz";"0.096422 +/- 0.071465";"0.074252 +/- 0.080448";"0.11065 (0.020019;0.11065)";"0.11065 (0;0.11065)";5.5783e-10;0.11965;0.50979;0.24553;0.24553
"X_361362.txt.gz1.tbl.gz";"0.1083 +/- 0.089054";"0.13344 +/- 0.095523";"0.1254 (0;0.1254)";"0.1254 (0.03135;0.2508)";4.6914e-10;0.52574;0.69352;0.27153;0.27153
"X_36163.txt.gz1.tbl.gz";"-0.043691 +/- 0.053746";"-0.050662 +/- 0.068254";"0 (-0.1068;0)";"0 (-0.1068;0)";3.8886e-13;0.65989;0.19412;0.65989;0.65989
"X_361780.txt.gz1.tbl.gz";"0.15265 +/- 0.079485";"0.14615 +/- 0.076347";"0.14848 (0.079975;0.22845)";"0.14848 (0.079975;0.22558)";2.1888e-05;0.82278;0.81712;0.72744;0.72744
"X_363370.txt.gz1.tbl.gz";"0.11455 +/- 0.029734";"0.11344 +/- 0.038695";"0.10465 (0.093888;0.14262)";"0.10465 (0.093888;0.14262)";1.7496e-07;0.25029;0.15437;0.90208;0.90208
"X_36424.txt.gz1.tbl.gz";"-0.047539 +/- 0.05359";"-0.041474 +/- 0.047642";"-0.040225 (-0.08045;0)";"0 (-0.08045;0)";3.6499e-12;0.56607;0.49335;0.60916;0.60916
"X_36445.txt.gz1.tbl.gz";"-0.21827 +/- 0.047392";"-0.22297 +/- 0.046251";"-0.2401 (-0.2401;-0.2401)";"-0.2401 (-0.2401;-0.2401)";6.1591e-18;0.67639;0.889;0.67639;0.67639
"X_364749.txt.gz1.tbl.gz";"0.13758 +/- 0.035588";"0.12369 +/- 0.064407";"0.14337 (0.10828;0.153)";"0.153 (0.0875;0.16552)";1.0651e-07;0.10347;0.0027472;0.33527;0.33527
"X_365150.txt.gz1.tbl.gz";"-0.10933 +/- 0.086515";"-0.11049 +/- 0.08373";"-0.08085 (-0.1834;-0.0539)";"-0.1078 (-0.1834;-0.0539)";7.2801e-06;0.53363;0.85122;0.95448;0.95448
"X_365774.txt.gz1.tbl.gz";"0.056591 +/- 0.042564";"0.083 +/- 0.044491";"0.06225 (0.015562;0.06225)";"0.06225 (0.06225;0.1245)";1.0932e-10;0.18054;0.80251;0.014785;0.014785
"X_366617.txt.gz1.tbl.gz";"-0.10335 +/- 0.1023";"-0.07039 +/- 0.091317";"-0.12508 (-0.20212;-0.013969)";"-0.02235 (-0.12508;-0.02235)";2.1542e-07;0.78915;0.50865;0.14861;0.14861
"X_367615.txt.gz1.tbl.gz";"0.059792 +/- 0.030051";"0.05719 +/- 0.043729";"0.067283 (0.032242;0.083358)";"0.054188 (0.027408;0.083604)";0.27156;0.086504;0.047496;0.79404;0.79404
"X_368187.txt.gz1.tbl.gz";"0.076273 +/- 0.057368";"0.11187 +/- 0.059965";"0.0839 (0.020975;0.0839)";"0.0839 (0.0839;0.1678)";1.0932e-10;0.18054;0.80251;0.014785;0.014785
"X_371049.txt.gz1.tbl.gz";"0.20556 +/- 0.038743";"0.19515 +/- 0.046773";"0.2206 (0.2206;0.2206)";"0.2206 (0.2206;0.2206)";7.8337e-17;0.34198;0.30112;0.34198;0.34198
"X_37192.txt.gz1.tbl.gz";"0.19492 +/- 0.07491";"0.21546 +/- 0.044691";"0.2318 (0.2318;0.2318)";"0.2318 (0.2318;0.2318)";8.567e-18;0.10941;0.0013678;0.10941;0.10941
"X_375868.txt.gz1.tbl.gz";"-0.030155 +/- 0.034774";"-0.030578 +/- 0.043458";"-0.03415 (-0.039;0)";"-0.039 (-0.078;0.00485)";6.581e-08;0.14149;0.22426;0.96661;0.96661
"X_377315.txt.gz1.tbl.gz";"-0.0039295 +/- 0.034829";"-0.0056955 +/- 0.038751";"-0.0083 (-0.0166;0.024038)";"0 (-0.04865;0.03205)";0.00077625;0.54929;0.55151;0.84752;0.84752
"X_380310.txt.gz1.tbl.gz";"-0.065109 +/- 0.028941";"-0.072171 +/- 0.027757";"-0.0753 (-0.0753;-0.04825)";"-0.0753 (-0.0801;-0.04825)";2.6156e-05;0.74286;0.81042;0.29895;0.29895
"X_380655.txt.gz1.tbl.gz";"0.24216 +/- 0.063909";"0.26422 +/- 0.045082";"0.2804 (0.17525;0.2804)";"0.2804 (0.2804;0.2804)";5.7229e-18;0.069107;0.034657;0.069107;0.069107
"X_382068.txt.gz1.tbl.gz";"-0.27424 +/- 0.042268";"-0.27072 +/- 0.046191";"-0.2873 (-0.2873;-0.2873)";"-0.2873 (-0.2873;-0.2873)";7.0571e-19;0.74893;0.61919;0.74893;0.74893
"X_382518.txt.gz1.tbl.gz";"0.069927 +/- 0.067545";"0.054238 +/- 0.057125";"0.09615 (0;0.09615)";"0.09615 (0;0.09615)";7.0223e-12;0.95423;0.32494;0.27748;0.27748
"X_38442.txt.gz1.tbl.gz";"0.048809 +/- 0.050465";"0.037367 +/- 0.044128";"0.0767 (0;0.0767)";"0 (0;0.0767)";1.4752e-12;0.66842;0.43323;0.30072;0.30072
"X_384756.txt.gz1.tbl.gz";"-0.26082 +/- 0.068832";"-0.25284 +/- 0.074787";"-0.302 (-0.302;-0.18875)";"-0.302 (-0.302;-0.151)";6.6138e-15;0.65411;0.64183;0.65411;0.65411
"X_385424.txt.gz1.tbl.gz";"-0.22806 +/- 0.055182";"-0.21112 +/- 0.071747";"-0.2573 (-0.2573;-0.2573)";"-0.2573 (-0.2573;-0.12865)";8.7343e-15;0.30831;0.15573;0.30831;0.30831
"X_38585.txt.gz1.tbl.gz";"0.32541 +/- 0.40429";"0.35301 +/- 0.34345";"0 (0;0.5507)";"0.5507 (0;0.5507)";1.4695e-11;0.56529;0.33836;0.7497;0.7497
"X_38667.txt.gz1.tbl.gz";"0.13867 +/- 0.039306";"0.14482 +/- 0.035621";"0.1649 (0.08245;0.1649)";"0.1649 (0.1649;0.1649)";4.6312e-16;0.48614;0.56776;0.48614;0.48614
"X_387351.txt.gz1.tbl.gz";"0.064364 +/- 0.04841";"0.0944 +/- 0.050602";"0.0708 (0.0177;0.0708)";"0.0708 (0.0708;0.1416)";1.0932e-10;0.18054;0.80251;0.014785;0.014785
"X_387767.txt.gz1.tbl.gz";"-0.6815 +/- 0.47028";"-0.80382 +/- 0.46265";"-0.6815 (-0.6815;-0.6815)";"-0.6815 (-1.363;-0.6815)";1.996e-10;0.78929;0.92557;0.2778;0.2778
"X_387950.txt.gz1.tbl.gz";"-0.021082 +/- 0.045774";"-0.028529 +/- 0.049994";"0 (0;0)";"0 (-0.016669;0)";2.1182e-16;0.53143;0.62137;0.53143;0.53143
"X_389364.txt.gz1.tbl.gz";"-0.030091 +/- 0.054446";"-0.037131 +/- 0.045515";"0 (-0.062063;0)";"0 (-0.08275;0)";1.8716e-13;0.54123;0.29159;0.54123;0.54123
"X_389415.txt.gz1.tbl.gz";"-0.11645 +/- 0.050369";"-0.11613 +/- 0.060214";"-0.0915 (-0.183;-0.0915)";"-0.0915 (-0.183;-0.0915)";3.3236e-11;0.26221;0.32608;0.98189;0.98189
"X_38985.txt.gz1.tbl.gz";"0.033027 +/- 0.049485";"0.013308 +/- 0.034927";"0 (0;0.1038)";"0 (0;0)";1.4587e-17;0.036439;0.034973;0.036439;0.036439
"X_412360.txt.gz1.tbl.gz";"-0.027252 +/- 0.040832";"-0.036237 +/- 0.048841";"0 (-0.08565;0)";"0 (-0.08565;0)";8.0303e-14;0.43269;0.32458;0.43269;0.43269
"X_412552.txt.gz1.tbl.gz";"-0.13484 +/- 0.055231";"-0.15093 +/- 0.054092";"-0.13905 (-0.1854;-0.0927)";"-0.1854 (-0.1854;-0.0927)";9.6448e-14;0.17501;0.90516;0.22267;0.22267
"X_412775.txt.gz1.tbl.gz";"0.0070962 +/- 0.032481";"0.028431 +/- 0.035526";"0.0124 (-0.025283;0.024379)";"0.040783 (0.0124;0.053183)";0.00083661;0.50269;0.61581;0.012909;0.012909
"X_412972.txt.gz1.tbl.gz";"0.080914 +/- 0.083659";"0.064565 +/- 0.081011";"0.12715 (0;0.12715)";"0 (0;0.12715)";3.1301e-12;0.79929;0.85375;0.4085;0.4085
"X_413172.txt.gz1.tbl.gz";"-0.08537 +/- 0.063225";"-0.092513 +/- 0.068225";"-0.09885 (-0.09885;-0.024712)";"-0.09885 (-0.09885;0)";2.2499e-10;0.59192;0.66917;0.6606;0.6606
"X_41344.txt.gz1.tbl.gz";"0 +/- 0";"-0.026666 +/- 0.05453";"0 (0;0)";"0 (0;0)";1.4954e-17;0.024447;0;0.024447;0.024447
"X_413584.txt.gz1.tbl.gz";"0.15839 +/- 0.038325";"0.15541 +/- 0.039185";"0.1787 (0.1787;0.1787)";"0.1787 (0.10436;0.1787)";4.7728e-16;0.75236;0.89979;0.75236;0.75236
"X_413757.txt.gz1.tbl.gz";"-0.15004 +/- 0.061819";"-0.15639 +/- 0.062967";"-0.1771 (-0.1884;-0.0942)";"-0.1884 (-0.1884;-0.098762)";2.0626e-06;0.93047;0.91682;0.67566;0.67566
"X_413825.txt.gz1.tbl.gz";"0.055227 +/- 0.045573";"0.047381 +/- 0.038701";"0.06075 (0;0.06075)";"0.06075 (0;0.06075)";1.2588e-10;0.43614;0.33729;0.42161;0.42161
"X_413971.txt.gz1.tbl.gz";"0.16576 +/- 0.18006";"0.20653 +/- 0.19045";"0.24562 (0;0.2872)";"0.24562 (0;0.2872)";5.8999e-09;0.86528;0.75199;0.37183;0.37183
"X_414849.txt.gz1.tbl.gz";"-0.025511 +/- 0.052757";"-0.022697 +/- 0.050328";"0 (0;0)";"0 (0;0)";2.3574e-17;0.81922;0.78642;0.81922;0.81922
"X_41498.txt.gz1.tbl.gz";"-0.060455 +/- 0.049711";"-0.042179 +/- 0.046977";"-0.07 (-0.07;0)";"-0.035 (-0.07;0)";2.745e-11;0.24039;0.74465;0.11478;0.11478
"X_41516.txt.gz1.tbl.gz";"0.26352 +/- 0.060863";"0.26688 +/- 0.045896";"0.29825 (0.22138;0.29825)";"0.29825 (0.2283;0.29825)";1.4271e-13;0.77895;0.090942;0.77895;0.77895
"X_415258.txt.gz1.tbl.gz";"-0.050943 +/- 0.045853";"-0.059702 +/- 0.039964";"-0.058431 (-0.082935;-0.01639)";"-0.061092 (-0.08205;-0.032435)";0.39861;0.23818;0.42183;0.38172;0.38172
"X_415311.txt.gz1.tbl.gz";"-0.10885 +/- 0.12431";"-0.12061 +/- 0.099811";"-0.085525 (-0.17105;0)";"-0.17105 (-0.17105;0)";1.5353e-11;0.062985;0.19327;0.64534;0.64534
"X_415457.txt.gz1.tbl.gz";"-0.087457 +/- 0.048578";"-0.097073 +/- 0.055066";"-0.0884 (-0.13289;-0.049)";"-0.088462 (-0.13352;-0.0458)";0.0024635;0.50628;0.48585;0.46036;0.46036
"X_41553.txt.gz1.tbl.gz";"-0.0007659 +/- 0.04262";"0.0057395 +/- 0.055805";"-0.0214 (-0.03745;0.034917)";"-0.0214 (-0.0428;0.056317)";2.4157e-05;0.27022;0.14554;0.61397;0.61397
"X_41572.txt.gz1.tbl.gz";"-0.060886 +/- 0.062663";"-0.064173 +/- 0.049768";"-0.0705 (-0.141;0)";"-0.0705 (-0.0705;0)";3.7008e-10;0.022766;0.17123;0.79704;0.79704
"X_415854.txt.gz1.tbl.gz";"-0.13669 +/- 0.082408";"-0.12117 +/- 0.076158";"-0.1074 (-0.2148;-0.1074)";"-0.1074 (-0.2148;-0.1074)";2.5375e-10;0.30934;0.64839;0.40899;0.40899
"X_4159130.txt.gz1.tbl.gz";"-0.10382 +/- 0.038199";"-0.11094 +/- 0.037369";"-0.10821 (-0.13068;-0.08983)";"-0.11336 (-0.1331;-0.08661)";0.048814;0.94252;0.90004;0.43454;0.43454
"X_416254.txt.gz1.tbl.gz";"0.020239 +/- 0.038196";"0.046141 +/- 0.058501";"0 (0;0)";"0 (0;0.08905)";3.4447e-13;0.05302;0.025847;0.05302;0.05302
"X_41881.txt.gz1.tbl.gz";"-0.045027 +/- 0.050759";"-0.045915 +/- 0.052592";"-0.0381 (-0.0762;0)";"0 (-0.0762;0)";8.5929e-12;0.93876;0.84087;0.94396;0.94396
"X_419210.txt.gz1.tbl.gz";"0.07453 +/- 0.066101";"0.09274 +/- 0.071979";"0.09645 (0;0.09645)";"0.09645 (0;0.16879)";4.1492e-10;0.67371;0.6331;0.289;0.289
"X_419426.txt.gz1.tbl.gz";"0.055791 +/- 0.057419";"0.058803 +/- 0.045603";"0.0646 (0;0.1292)";"0.0646 (0;0.0646)";3.7008e-10;0.022766;0.17123;0.79704;0.79704
"X_420960.txt.gz1.tbl.gz";"0.12849 +/- 0.027419";"0.12665 +/- 0.028131";"0.13551 (0.11098;0.1528)";"0.11822 (0.11098;0.1528)";4.1498e-10;0.83867;0.88443;0.78625;0.78625
"X_421749.txt.gz1.tbl.gz";"-0.022409 +/- 0.052102";"-0.016433 +/- 0.036984";"0 (0;0)";"0 (0;0)";2.4785e-17;0.54444;0.03823;0.54444;0.54444
"X_422039.txt.gz1.tbl.gz";"0.10903 +/- 0.035956";"0.08864 +/- 0.047478";"0.1411 (0.07055;0.1411)";"0.07055 (0.07055;0.1411)";2.9067e-11;0.63335;0.13402;0.064953;0.064953
"X_42247.txt.gz1.tbl.gz";"-0.023536 +/- 0.03676";"-0.012027 +/- 0.031635";"-0.037312 (-0.038525;-0.002425)";"-0.00485 (-0.038525;-0.002425)";2.6527e-06;0.27512;0.37923;0.14927;0.14927
"X_423219.txt.gz1.tbl.gz";"-0.06725 +/- 0.068833";"-0.082769 +/- 0.08998";"-0.06725 (-0.1345;0)";"-0.1345 (-0.1345;0)";7.3086e-12;0.39897;0.14786;0.45594;0.45594
"X_42348.txt.gz1.tbl.gz";"0.091401 +/- 0.053117";"0.087351 +/- 0.058012";"0.0979 (0.055338;0.12394)";"0.09212 (0.044315;0.13747)";0.15631;0.61324;0.6215;0.76909;0.76909
"X_423770.txt.gz1.tbl.gz";"-0.15085 +/- 0.046945";"-0.16621 +/- 0.035924";"-0.1674 (-0.19695;-0.10955)";"-0.1674 (-0.2068;-0.1317)";1.6227e-07;0.10246;0.1099;0.10206;0.10206
"X_424640.txt.gz1.tbl.gz";"-0.022142 +/- 0.039139";"-0.020641 +/- 0.054465";"0 (-0.069225;0)";"0 (-0.069225;0)";6.5133e-09;0.34033;0.078059;0.90429;0.90429
"X_426781.txt.gz1.tbl.gz";"-0.13939 +/- 0.036786";"-0.1314 +/- 0.043349";"-0.1614 (-0.1614;-0.10088)";"-0.1614 (-0.1614;-0.0807)";1.8032e-14;0.43261;0.36516;0.43261;0.43261
"X_42925.txt.gz1.tbl.gz";"0.13606 +/- 0.038568";"0.14209 +/- 0.034951";"0.1618 (0.0809;0.1618)";"0.1618 (0.1618;0.1618)";4.6312e-16;0.48614;0.56776;0.48614;0.48614
"X_432433.txt.gz1.tbl.gz";"-0.12373 +/- 0.18264";"-0.081516 +/- 0.13209";"0 (-0.2722;0)";"0 (-0.2722;0)";1.2474e-14;0.22891;0.050748;0.22891;0.22891
"X_43282.txt.gz1.tbl.gz";"0.048818 +/- 0.063989";"0.024785 +/- 0.045543";"0 (0;0.1074)";"0 (0;0)";1.6685e-15;0.049564;0.039837;0.049564;0.049564
"X_43362.txt.gz1.tbl.gz";"-0.02407 +/- 0.077064";"-0.032949 +/- 0.072056";"-0.03575 (-0.099117;0.026508)";"-0.036983 (-0.099117;-0.0069)";9.3688e-05;0.52986;0.69829;0.6163;0.6163
"X_433749.txt.gz1.tbl.gz";"0.047021 +/- 0.039926";"0.041754 +/- 0.034457";"0.057067 (0.029325;0.077117)";"0.044183 (0.010208;0.065233)";0.023746;0.51742;0.38851;0.54251;0.54251
"X_434210.txt.gz1.tbl.gz";"-0.03148 +/- 0.067033";"-0.083858 +/- 0.12759";"0 (-0.0474;0)";"-0.0474 (-0.0948;0)";3.121e-14;0.030985;0.001303;0.06731;0.06731
"X_437445.txt.gz1.tbl.gz";"0.035527 +/- 0.077138";"0.047597 +/- 0.095445";"0 (0;0)";"0 (0;0)";1.884e-16;0.58734;0.24472;0.58734;0.58734
"X_440710.txt.gz1.tbl.gz";"-0.026056 +/- 0.053387";"-0.019142 +/- 0.047861";"-0.036469 (-0.054123;0.018617)";"-0.012531 (-0.033541;0.0057797)";0.0066723;0.38478;0.52521;0.56101;0.56101
"X_441469.txt.gz1.tbl.gz";"0.043023 +/- 0.040784";"0.080088 +/- 0.04026";"0.0631 (0;0.0631)";"0.0631 (0.0631;0.1262)";1.996e-10;0.8337;0.94118;0.00024854;0.00024854
"X_443044.txt.gz1.tbl.gz";"0.033807 +/- 0.050653";"0.036779 +/- 0.058889";"0 (0;0.10625)";"0 (0;0.10625)";1.2481e-14;0.8301;0.40462;0.8301;0.8301
"X_44361.txt.gz1.tbl.gz";"0.14825 +/- 0.05006";"0.1537 +/- 0.041263";"0.1763 (0.11019;0.1763)";"0.1763 (0.1763;0.1763)";1.0712e-15;0.60358;0.25409;0.60358;0.60358
"X_444015.txt.gz1.tbl.gz";"-0.096249 +/- 0.092371";"-0.10787 +/- 0.11694";"-0.08055 (-0.13682;-0.08055)";"-0.10869 (-0.21738;0)";4.4991e-05;0.03386;0.19974;0.66871;0.66871
"X_445968.txt.gz1.tbl.gz";"0.19816 +/- 0.048069";"0.18675 +/- 0.061071";"0.20731 (0.1881;0.22652)";"0.1881 (0.13248;0.22652)";7.153e-08;0.24856;0.19337;0.4211;0.4211
"X_446410.txt.gz1.tbl.gz";"-0.090355 +/- 0.036707";"-0.090142 +/- 0.032912";"-0.0804 (-0.11168;-0.073706)";"-0.0804 (-0.11168;-0.071475)";1.9365e-05;0.93714;0.52576;0.97928;0.97928
"X_446749.txt.gz1.tbl.gz";"-0.053123 +/- 0.042881";"-0.028191 +/- 0.057881";"-0.063619 (-0.083112;-0.027428)";"-0.037569 (-0.067691;0.010316)";0.0016401;0.072132;0.10746;0.063444;0.063444
"X_446978.txt.gz1.tbl.gz";"-0.094525 +/- 0.096749";"-0.11634 +/- 0.12647";"-0.094525 (-0.18905;0)";"-0.18905 (-0.18905;0)";7.3086e-12;0.39897;0.14786;0.45594;0.45594
"X_44725.txt.gz1.tbl.gz";"0.05688 +/- 0.031318";"0.067233 +/- 0.033581";"0.07055 (0.037875;0.07315)";"0.07575 (0.037875;0.07575)";4.1724e-06;0.71166;0.69495;0.19824;0.19824
"X_447622.txt.gz1.tbl.gz";"0.076727 +/- 0.05771";"0.11253 +/- 0.060322";"0.0844 (0.0211;0.0844)";"0.0844 (0.0844;0.1688)";1.0932e-10;0.18054;0.80251;0.014785;0.014785
"X_447914.txt.gz1.tbl.gz";"0.085703 +/- 0.030347";"0.083318 +/- 0.033269";"0.0889 (0.055529;0.10838)";"0.0889 (0.055283;0.10183)";0.0099456;0.60559;0.60692;0.76298;0.76298
"X_449065.txt.gz1.tbl.gz";"0.095523 +/- 0.036799";"0.093337 +/- 0.030207";"0.0862 (0.0793;0.1224)";"0.0862 (0.0862;0.1224)";9.204e-08;0.14414;0.2437;0.77603;0.77603
"X_44914.txt.gz1.tbl.gz";"-0.050368 +/- 0.036524";"-0.044695 +/- 0.047216";"-0.0486 (-0.08395;-0.0486)";"-0.0486 (-0.08395;-0.017175)";2.404e-07;0.37499;0.16451;0.60378;0.60378
"X_449533.txt.gz1.tbl.gz";"-0.0074834 +/- 0.054355";"-0.015725 +/- 0.05926";"-0.00491 (-0.052335;0.044219)";"-0.00491 (-0.03833;0.03216)";0.00016783;0.91422;0.62831;0.5591;0.5591
"X_453550.txt.gz1.tbl.gz";"0.14683 +/- 0.060979";"0.15585 +/- 0.065422";"0.17132 (0.1099;0.19934)";"0.17665 (0.10786;0.21055)";2.1678e-05;0.83296;0.69266;0.56338;0.56338
"X_454553.txt.gz1.tbl.gz";"0.081565 +/- 0.036821";"0.07637 +/- 0.049537";"0.093033 (0.060775;0.11827)";"0.093033 (0.046517;0.11827)";2.3625e-05;0.20295;0.11115;0.64881;0.64881
"X_45484.txt.gz1.tbl.gz";"-0.35856 +/- 0.57298";"-0.3034 +/- 0.51021";"0 (-0.98605;0)";"0 (-0.98605;0)";6.0327e-15;0.6639;0.49942;0.6639;0.6639
"X_456165.txt.gz1.tbl.gz";"-0.024352 +/- 0.04596";"-0.031596 +/- 0.054905";"0 (0;0)";"0 (-0.10715;0)";1.5983e-15;0.57343;0.32789;0.57343;0.57343
"X_45621.txt.gz1.tbl.gz";"-0.22545 +/- 0.1259";"-0.23161 +/- 0.11992";"-0.1837 (-0.3674;-0.1837)";"-0.1837 (-0.3674;-0.1837)";8.3522e-11;0.94488;0.77962;0.83366;0.83366
"X_469372.txt.gz1.tbl.gz";"-0.078668 +/- 0.039225";"-0.078071 +/- 0.044611";"-0.0641 (-0.1282;-0.0641)";"-0.0641 (-0.1282;-0.0641)";1.0902e-10;0.33922;0.47472;0.95474;0.95474
"X_47083.txt.gz1.tbl.gz";"0.46606 +/- 0.050838";"0.44633 +/- 0.080234";"0.4769 (0.4769;0.4769)";"0.4769 (0.4769;0.4769)";7.0571e-19;0.27789;0.017765;0.27789;0.27789
"X_471228.txt.gz1.tbl.gz";"0.077273 +/- 0.05812";"0.11333 +/- 0.060751";"0.085 (0.02125;0.085)";"0.085 (0.085;0.17)";1.0932e-10;0.18054;0.80251;0.014785;0.014785
"X_471755.txt.gz1.tbl.gz";"0.036906 +/- 0.036948";"0.037218 +/- 0.03848";"0.040175 (0;0.070306)";"0.040175 (0;0.056375)";7.6582e-09;0.7912;0.81835;0.97305;0.97305
"X_476331.txt.gz1.tbl.gz";"0.11382 +/- 0.057791";"0.11637 +/- 0.046752";"0.1565 (0.07825;0.1565)";"0.1565 (0.07825;0.1565)";1.7515e-12;0.83064;0.20953;0.83064;0.83064
"X_477110.txt.gz1.tbl.gz";"-0.13075 +/- 0.097879";"-0.16876 +/- 0.091389";"-0.12905 (-0.23521;-0.032262)";"-0.12905 (-0.2581;-0.12905)";1.2861e-10;0.79559;0.69215;0.093034;0.093034
"X_478658.txt.gz1.tbl.gz";"-0.25877 +/- 0.048771";"-0.24388 +/- 0.059987";"-0.2777 (-0.2777;-0.2777)";"-0.2777 (-0.2777;-0.2777)";1.1492e-16;0.28831;0.25762;0.28831;0.28831
"X_479251.txt.gz1.tbl.gz";"0.079732 +/- 0.025653";"0.085509 +/- 0.036416";"0.0849 (0.072431;0.0849)";"0.0849 (0.077775;0.12022)";4.2129e-06;0.19625;0.062819;0.48822;0.48822
"X_480713.txt.gz1.tbl.gz";"-0.046995 +/- 0.042913";"-0.037872 +/- 0.045701";"-0.07385 (-0.07385;0)";"0 (-0.07385;0)";2.4745e-12;0.68689;0.7232;0.40425;0.40425
"X_481133.txt.gz1.tbl.gz";"0.022055 +/- 0.04193";"0.022554 +/- 0.036506";"0.020325 (0;0.063569)";"0.036325 (0;0.036325)";4.9031e-07;0.32392;0.41816;0.95643;0.95643
"X_481525.txt.gz1.tbl.gz";"-0.015435 +/- 0.04955";"-0.025065 +/- 0.042194";"-0.01305 (-0.040881;0.0088078)";"-0.027572 (-0.046838;-0.0057438)";0.026654;0.40559;0.34574;0.36544;0.36544
"X_482943.txt.gz1.tbl.gz";"0.077056 +/- 0.02804";"0.082391 +/- 0.029822";"0.08025 (0.0769;0.08025)";"0.08025 (0.0769;0.11702)";4.8823e-09;0.36253;0.72869;0.45479;0.45479
"X_48314.txt.gz1.tbl.gz";"-0.065356 +/- 0.034845";"-0.078319 +/- 0.038533";"-0.062806 (-0.089144;-0.032628)";"-0.083675 (-0.093022;-0.0575)";0.023467;0.85383;0.57409;0.15829;0.15829
"X_483461.txt.gz1.tbl.gz";"-0.036951 +/- 0.031896";"-0.030734 +/- 0.033035";"-0.041475 (-0.0719;-0.01105)";"-0.041475 (-0.041475;-0.005525)";6.8434e-07;0.76188;0.84261;0.43412;0.43412
"X_484262.txt.gz1.tbl.gz";"0.18149 +/- 0.040689";"0.18154 +/- 0.031606";"0.20455 (0.1544;0.20455)";"0.20455 (0.15292;0.20455)";2.407e-13;0.99461;0.13216;0.99461;0.99461
"X_486715.txt.gz1.tbl.gz";"0.22446 +/- 0.15507";"0.24498 +/- 0.12819";"0.2147 (0.2147;0.37572)";"0.2147 (0.2147;0.37572)";4.6927e-11;0.283;0.26155;0.52858;0.52858
"X_48863.txt.gz1.tbl.gz";"-0.24614 +/- 0.13854";"-0.15551 +/- 0.13918";"-0.2166 (-0.37905;-0.2166)";"-0.2166 (-0.2166;0)";1.0584e-10;0.52175;0.97885;0.008169;0.008169
"X_490372.txt.gz1.tbl.gz";"-0.1058 +/- 0.066116";"-0.13368 +/- 0.059243";"-0.0931 (-0.1862;-0.0931)";"-0.1862 (-0.1862;-0.0931)";1.617e-11;0.66521;0.52336;0.060298;0.060298
"X_490635.txt.gz1.tbl.gz";"0.022784 +/- 0.04524";"0.021452 +/- 0.03343";"0.022538 (-0.014;0.053503)";"0.022538 (0.004175;0.0409)";0.00074294;0.10811;0.069077;0.87948;0.87948
"X_490756.txt.gz1.tbl.gz";"0.0171 +/- 0.037128";"0.032556 +/- 0.047516";"0 (0;0)";"0 (0;0.09405)";4.4785e-15;0.16246;0.1808;0.16246;0.16246
"X_49086.txt.gz1.tbl.gz";"-0.086748 +/- 0.10671";"-0.10059 +/- 0.13552";"0 (-0.21205;0)";"0 (-0.21205;0)";3.8886e-13;0.65989;0.19412;0.65989;0.65989
"X_491378.txt.gz1.tbl.gz";"-0.050735 +/- 0.029707";"-0.065572 +/- 0.035616";"-0.061162 (-0.07645;-0.038225)";"-0.07645 (-0.07645;-0.038225)";1.5405e-07;0.93927;0.31863;0.077387;0.077387
"X_491410.txt.gz1.tbl.gz";"0.049891 +/- 0.045557";"0.052955 +/- 0.051234";"0.0784 (0;0.0784)";"0.0784 (0;0.0784)";2.6959e-11;0.53647;0.51318;0.80041;0.80041
"X_492010.txt.gz1.tbl.gz";"0.15064 +/- 0.08609";"0.1623 +/- 0.10776";"0.13892 (0.13892;0.13892)";"0.13892 (0.13892;0.27785)";2.7279e-07;0.08841;0.22116;0.64176;0.64176
"X_492432.txt.gz1.tbl.gz";"0.0254 +/- 0.05515";"0.010746 +/- 0.037467";"0 (0;0)";"0 (0;0)";3.9634e-19;0.15049;0.018607;0.15049;0.15049
"X_492955.txt.gz1.tbl.gz";"-0.10808 +/- 0.045278";"-0.1155 +/- 0.047272";"-0.0767 (-0.1534;-0.0767)";"-0.1534 (-0.1534;-0.0767)";2.0297e-12;0.96768;0.80758;0.5133;0.5133
"X_493159.txt.gz1.tbl.gz";"-0.062091 +/- 0.046701";"-0.078808 +/- 0.050535";"-0.0683 (-0.0683;-0.017075)";"-0.0683 (-0.1366;-0.0683)";3.7838e-10;0.36758;0.65798;0.167;0.167
"X_49592.txt.gz1.tbl.gz";"0.030191 +/- 0.043566";"0.025546 +/- 0.040904";"0 (0;0.0738)";"0 (0;0.0738)";2.1144e-14;0.64385;0.71621;0.64385;0.64385
"X_496319.txt.gz1.tbl.gz";"0.13471 +/- 0.038186";"0.14069 +/- 0.034605";"0.1602 (0.0801;0.1602)";"0.1602 (0.1602;0.1602)";4.6312e-16;0.48614;0.56776;0.48614;0.48614
"X_496467.txt.gz1.tbl.gz";"-0.12193 +/- 0.074057";"-0.1167 +/- 0.06544";"-0.15445 (-0.17166;-0.072307)";"-0.12866 (-0.17166;-0.065625)";0.00014311;0.55145;0.47091;0.74838;0.74838
"X_496527.txt.gz1.tbl.gz";"0.8835 +/- 0.60967";"1.0421 +/- 0.59979";"0.8835 (0.8835;0.8835)";"0.8835 (0.8835;1.767)";1.996e-10;0.78929;0.92557;0.2778;0.2778
"X_496850.txt.gz1.tbl.gz";"-0.11669 +/- 0.041234";"-0.1257 +/- 0.042099";"-0.1262 (-0.14435;-0.0922)";"-0.1262 (-0.1504;-0.0922)";6.7022e-05;0.8958;0.90622;0.37556;0.37556
"X_49711.txt.gz1.tbl.gz";"-0.06625 +/- 0.04089";"-0.05266 +/- 0.046978";"-0.06625 (-0.06625;-0.06625)";"-0.06625 (-0.06625;0)";2.0754e-10;0.15049;0.44157;0.22138;0.22138
"X_497318.txt.gz1.tbl.gz";"-0.034282 +/- 0.042171";"-0.050495 +/- 0.059394";"0 (-0.0838;0)";"0 (-0.0838;0)";3.6105e-12;0.23453;0.068515;0.23453;0.23453
"X_497854.txt.gz1.tbl.gz";"-0.16945 +/- 0.044718";"-0.16426 +/- 0.048587";"-0.1962 (-0.1962;-0.12263)";"-0.1962 (-0.1962;-0.0981)";6.6138e-15;0.65411;0.64183;0.65411;0.65411
"X_497934.txt.gz1.tbl.gz";"-0.047745 +/- 0.057283";"-0.035471 +/- 0.065075";"-0.06535 (-0.06555;-4e-04)";"-0.06515 (-0.06555;-4e-04)";8.4717e-07;0.69801;0.47849;0.4251;0.4251
"X_498483.txt.gz1.tbl.gz";"-0.14108 +/- 0.077872";"-0.11796 +/- 0.067651";"-0.11085 (-0.2217;-0.11085)";"-0.11085 (-0.11085;-0.11085)";6.6867e-11;0.14648;0.41071;0.17407;0.17407
"X_498849.txt.gz1.tbl.gz";"-0.0927 +/- 0.036933";"-0.079231 +/- 0.040942";"-0.1236 (-0.1236;-0.0618)";"-0.0618 (-0.1236;-0.0618)";2.677e-11;0.9196;0.56495;0.16742;0.16742
"X_49897.txt.gz1.tbl.gz";"0.018436 +/- 0.04003";"0.0351 +/- 0.051229";"0 (0;0)";"0 (0;0.1014)";4.4785e-15;0.16246;0.1808;0.16246;0.16246
"X_499249.txt.gz1.tbl.gz";"0.24551 +/- 0.070439";"0.24193 +/- 0.066322";"0.27908 (0.19083;0.30152)";"0.2828 (0.18615;0.30152)";4.0646e-08;0.60371;0.72859;0.82587;0.82587
"X_4994178.txt.gz1.tbl.gz";"-0.073887 +/- 0.032652";"-0.059976 +/- 0.029435";"-0.0679 (-0.0868;-0.053279)";"-0.0679 (-0.0679;-0.03395)";3.7802e-07;0.65984;0.54692;0.058918;0.058918
"X_499666.txt.gz1.tbl.gz";"-0.13995 +/- 0.087761";"-0.1301 +/- 0.087128";"-0.18697 (-0.18839;-0.072606)";"-0.16052 (-0.18839;-0.064912)";2.8262e-07;0.86993;0.96707;0.64126;0.64126
"X_500052.txt.gz1.tbl.gz";"-0.14288 +/- 0.055082";"-0.15764 +/- 0.047373";"-0.1849 (-0.1849;-0.09245)";"-0.1849 (-0.1849;-0.09245)";8.7343e-15;0.21619;0.37719;0.21619;0.21619
"X_500671.txt.gz1.tbl.gz";"0.17905 +/- 0.043322";"0.17222 +/- 0.049128";"0.202 (0.202;0.202)";"0.202 (0.101;0.202)";1.6685e-15;0.5566;0.48449;0.5566;0.5566
"X_50071.txt.gz1.tbl.gz";"-0.1539 +/- 0.040616";"-0.14919 +/- 0.044129";"-0.1782 (-0.1782;-0.11138)";"-0.1782 (-0.1782;-0.0891)";6.6138e-15;0.65411;0.64183;0.65411;0.65411
"X_500851.txt.gz1.tbl.gz";"-0.0094977 +/- 0.04221";"0.0036019 +/- 0.035525";"-0.0031 (-0.034975;0.018197)";"0 (-0.0069125;0.0317)";6.516e-05;0.37672;0.31066;0.14632;0.14632
"X_501449.txt.gz1.tbl.gz";"0.060518 +/- 0.0414";"0.073967 +/- 0.047286";"0.0634 (0.0634;0.0634)";"0.0634 (0.0634;0.1268)";3.3807e-10;0.1663;0.46055;0.22966;0.22966
"X_503327.txt.gz1.tbl.gz";"-0.0063017 +/- 0.055581";"-0.010693 +/- 0.054126";"0 (0;0.03965)";"0 (-0.045575;0.03965)";8.8481e-09;0.96264;0.87924;0.73901;0.73901
"X_503479.txt.gz1.tbl.gz";"-0.065001 +/- 0.038374";"-0.068012 +/- 0.042994";"-0.05085 (-0.0783;-0.05085)";"-0.05085 (-0.1017;-0.05085)";9.3067e-07;0.18014;0.5264;0.76739;0.76739
"X_503650.txt.gz1.tbl.gz";"-0.030022 +/- 0.040178";"-0.020718 +/- 0.033702";"-0.032838 (-0.04905;-0.0056562)";"-0.017538 (-0.048059;-0.00039375)";0.0042602;0.442;0.30111;0.27607;0.27607
"X_506062.txt.gz1.tbl.gz";"0.086591 +/- 0.059003";"0.080108 +/- 0.05614";"0.0762 (0.0762;0.1524)";"0.0762 (0.0762;0.1524)";4.2896e-10;0.66616;0.77484;0.63718;0.63718
"X_5066134.txt.gz1.tbl.gz";"0.037205 +/- 0.05492";"0.028333 +/- 0.041352";"0 (0;0.08185)";"0 (0;0.08185)";3.3644e-14;0.41201;0.089143;0.41201;0.41201
"X_50699.txt.gz1.tbl.gz";"0.093386 +/- 0.069375";"0.10826 +/- 0.059825";"0.0677 (0.040983;0.16212)";"0.1354 (0.047662;0.16212)";2.5054e-06;0.29322;0.3859;0.32278;0.32278
"X_507882.txt.gz1.tbl.gz";"0.037956 +/- 0.049746";"0.031863 +/- 0.05438";"0.05095 (-0.014856;0.05095)";"0.05095 (-0.0283;0.05095)";4.9164e-08;0.56654;0.61796;0.63765;0.63765
"X_5080131.txt.gz1.tbl.gz";"0.15587 +/- 0.067154";"0.15009 +/- 0.077818";"0.11825 (0.11825;0.2365)";"0.11825 (0.11825;0.2365)";3.3607e-11;0.45605;0.41464;0.75197;0.75197
"X_5084154.txt.gz1.tbl.gz";"-0.071442 +/- 0.041297";"-0.074297 +/- 0.048948";"-0.07795 (-0.07795;-0.047406)";"-0.07795 (-0.11168;-0.038975)";4.5856e-06;0.085791;0.34897;0.80354;0.80354
"X_5088175.txt.gz1.tbl.gz";"-0.047812 +/- 0.03374";"-0.042358 +/- 0.032669";"-0.05225 (-0.071404;-0.046546)";"-0.047275 (-0.071404;-0.02145)";0.004194;0.3225;0.85343;0.49392;0.49392
"X_508911.txt.gz1.tbl.gz";"0.0032879 +/- 0.037544";"0.010235 +/- 0.044365";"0 (-0.023717;0.026317)";"0 (-0.023717;0.026317)";0.0092902;0.45453;0.35733;0.50484;0.50484
"X_509049.txt.gz1.tbl.gz";"-0.035727 +/- 0.043949";"-0.049545 +/- 0.05083";"0 (-0.0655;0)";"-0.0655 (-0.0655;0)";3.2682e-11;0.39534;0.42057;0.24975;0.24975
"X_509128.txt.gz1.tbl.gz";"0.29896 +/- 0.16244";"0.31403 +/- 0.15173";"0.2268 (0.2268;0.4536)";"0.2268 (0.2268;0.4536)";1.6316e-11;0.99227;0.6938;0.68631;0.68631
"X_509251.txt.gz1.tbl.gz";"-0.059195 +/- 0.072818";"-0.06864 +/- 0.092475";"0 (-0.1447;0)";"0 (-0.1447;0)";3.8886e-13;0.65989;0.19412;0.65989;0.65989
"X_509521.txt.gz1.tbl.gz";"0.090318 +/- 0.067932";"0.076423 +/- 0.063893";"0.09935 (0.024838;0.09935)";"0.09935 (0;0.09935)";7.908e-11;0.95423;0.72388;0.37642;0.37642
"X_509714.txt.gz1.tbl.gz";"-0.043464 +/- 0.039688";"-0.049036 +/- 0.039531";"-0.0683 (-0.0683;0)";"-0.0683 (-0.0683;0)";4.4546e-12;0.71349;0.98199;0.56095;0.56095
"X_510053.txt.gz1.tbl.gz";"-0.084827 +/- 0.05114";"-0.081176 +/- 0.046385";"-0.06665 (-0.1333;-0.06665)";"-0.06665 (-0.1333;-0.06665)";1.2828e-10;0.36161;0.57126;0.75057;0.75057
"X_510330.txt.gz1.tbl.gz";"-0.0029511 +/- 0.05648";"0.0010362 +/- 0.050348";"-0.014762 (-0.045275;0.0315)";"0 (-0.045275;0.01575)";0.00020221;0.31367;0.50353;0.75015;0.75015
"X_510457.txt.gz1.tbl.gz";"0.079799 +/- 0.11019";"0.087592 +/- 0.090657";"0 (0;0.16605)";"0.095075 (0;0.16605)";2.5563e-12;0.70161;0.24948;0.73521;0.73521
"X_510872.txt.gz1.tbl.gz";"0.015941 +/- 0.054658";"0.013488 +/- 0.03759";"0 (0;0)";"0 (0;0)";9.0374e-19;0.80865;0.022922;0.80865;0.80865
"X_511115.txt.gz1.tbl.gz";"0.25009 +/- 0.054301";"0.25394 +/- 0.049949";"0.2751 (0.2751;0.2751)";"0.2751 (0.2751;0.2751)";9.2144e-18;0.75491;0.62885;0.75491;0.75491
"X_511273.txt.gz1.tbl.gz";"-0.072818 +/- 0.089576";"-0.084436 +/- 0.11376";"0 (-0.178;0)";"0 (-0.178;0)";3.8886e-13;0.65989;0.19412;0.65989;0.65989
"X_51213.txt.gz1.tbl.gz";"-0.034761 +/- 0.065605";"-0.013726 +/- 0.043998";"0 (0;0)";"0 (0;0)";1.2279e-18;0.081045;0.014829;0.081045;0.081045
"X_512292.txt.gz1.tbl.gz";"-0.047975 +/- 0.049104";"-0.059046 +/- 0.06419";"-0.047975 (-0.09595;0)";"-0.09595 (-0.09595;0)";7.3086e-12;0.39897;0.14786;0.45594;0.45594
"X_512469.txt.gz1.tbl.gz";"-0.021117 +/- 0.034432";"-0.004926 +/- 0.060818";"0 (-0.063825;0)";"0 (-0.063825;0)";1.9647e-08;0.15539;0.0038939;0.23572;0.23572
"X_512853.txt.gz1.tbl.gz";"0.093164 +/- 0.051423";"0.11637 +/- 0.041602";"0.0732 (0.0732;0.1464)";"0.1464 (0.0732;0.1464)";6.7336e-13;0.31652;0.20964;0.030889;0.030889
"X_512912.txt.gz1.tbl.gz";"-0.50276 +/- 0.28414";"-0.41169 +/- 0.27624";"-0.7136 (-0.7136;-0.3568)";"-0.3568 (-0.7136;-0.3568)";7.6447e-11;0.85906;0.87161;0.17781;0.17781
"X_513452.txt.gz1.tbl.gz";"-0.14838 +/- 0.088061";"-0.14362 +/- 0.090101";"-0.18265 (-0.21845;-0.091325)";"-0.18265 (-0.21845;-0.091325)";2.4382e-07;0.8517;0.89663;0.82643;0.82643
"X_513932.txt.gz1.tbl.gz";"-0.020335 +/- 0.064638";"-0.042941 +/- 0.058942";"-0.0095 (-0.067625;-0.00475)";"-0.067625 (-0.067625;-0.00475)";2.154e-06;0.98098;0.59288;0.1231;0.1231
"X_52024.txt.gz1.tbl.gz";"0.033454 +/- 0.032418";"0.043664 +/- 0.037613";"0.030167 (0.025042;0.060333)";"0.060333 (0.024204;0.060333)";0.0005125;0.18626;0.41073;0.25021;0.25021
"X_522636.txt.gz1.tbl.gz";"0.0649 +/- 0.04906";"0.06074 +/- 0.049437";"0.0649 (0.016225;0.11358)";"0.0649 (0;0.11358)";4.2847e-10;0.79483;0.96523;0.72771;0.72771
"X_522990.txt.gz1.tbl.gz";"0.0343 +/- 0.050765";"0.042215 +/- 0.043147";"0 (0;0.0686)";"0.0686 (0;0.0686)";7.7439e-12;0.77715;0.33995;0.46685;0.46685
"X_524237.txt.gz1.tbl.gz";"-0.19422 +/- 0.070274";"-0.17689 +/- 0.081419";"-0.21014 (-0.23415;-0.13647)";"-0.207 (-0.23415;-0.12218)";3.6496e-05;0.50338;0.41517;0.36691;0.36691
"X_525686.txt.gz1.tbl.gz";"-0.083905 +/- 0.057399";"-0.095788 +/- 0.060412";"-0.0879 (-0.0879;-0.0879)";"-0.0879 (-0.1758;-0.0879)";2.4507e-10;0.59192;0.77282;0.41222;0.41222
"X_52592.txt.gz1.tbl.gz";"-0.027109 +/- 0.074711";"-0.02485 +/- 0.055926";"0 (0;0)";"0 (0;0)";1.4954e-17;0.87728;0.082455;0.87728;0.87728
"X_52715.txt.gz1.tbl.gz";"-0.1817 +/- 0.043966";"-0.17543 +/- 0.049052";"-0.205 (-0.205;-0.205)";"-0.205 (-0.205;-0.1025)";2.1049e-15;0.58921;0.5415;0.58921;0.58921
"X_530889.txt.gz1.tbl.gz";"0.41544 +/- 0.045316";"0.4033 +/- 0.064903";"0.4251 (0.4251;0.4251)";"0.4251 (0.4251;0.4251)";2.1703e-19;0.41355;0.056877;0.41355;0.41355
"X_533573.txt.gz1.tbl.gz";"0.272 +/- 0.051265";"0.28067 +/- 0.039143";"0.2919 (0.2919;0.2919)";"0.2919 (0.2919;0.2919)";2.1703e-19;0.39468;0.10683;0.39468;0.39468
"X_534374.txt.gz1.tbl.gz";"0.11865 +/- 0.053202";"0.12703 +/- 0.046105";"0.1582 (0.0791;0.1582)";"0.1582 (0.0791;0.1582)";1.5351e-13;0.46854;0.40229;0.46854;0.46854
"X_534624.txt.gz1.tbl.gz";"-0.073595 +/- 0.067203";"-0.09341 +/- 0.081367";"-0.11565 (-0.11565;0)";"-0.11565 (-0.11565;0)";1.0575e-10;0.56041;0.29401;0.29861;0.29861
"X_535389.txt.gz1.tbl.gz";"-0.12545 +/- 0.048904";"-0.14218 +/- 0.063356";"-0.12452 (-0.184;-0.078525)";"-0.12452 (-0.184;-0.11895)";1.2795e-05;0.25533;0.16118;0.25526;0.25526
"X_535411.txt.gz1.tbl.gz";"-0.063048 +/- 0.047705";"-0.050808 +/- 0.046306";"-0.06605 (-0.06605;-0.016512)";"-0.06605 (-0.06605;0)";1.8841e-10;0.75254;0.86465;0.27933;0.27933
"X_535569.txt.gz1.tbl.gz";"0.011543 +/- 0.029733";"0.028217 +/- 0.046598";"0 (0;0)";"0 (0;0.08465)";1.839e-15;0.11587;0.019415;0.11587;0.11587
"X_536351.txt.gz1.tbl.gz";"-0.025683 +/- 0.085694";"-0.011547 +/- 0.072102";"-0.038642 (-0.079637;0.028242)";"-0.018317 (-0.052392;0.029023)";0.64812;0.29233;0.30991;0.43814;0.43814
"X_539273.txt.gz1.tbl.gz";"-0.12647 +/- 0.042706";"-0.11569 +/- 0.046455";"-0.1504 (-0.1504;-0.094)";"-0.1504 (-0.1504;-0.0752)";1.5436e-13;0.33065;0.63721;0.33065;0.33065
"X_540052.txt.gz1.tbl.gz";"0.054965 +/- 0.076731";"0.043512 +/- 0.067002";"0.064431 (0.015406;0.12017)";"0.0495 (-0.0068125;0.085975)";0.30438;0.50631;0.42839;0.49459;0.49459
"X_541253.txt.gz1.tbl.gz";"-0.15801 +/- 0.070538";"-0.15234 +/- 0.07221";"-0.20463 (-0.20463;-0.099812)";"-0.1755 (-0.20463;-0.08775)";5.7576e-09;0.69685;0.89433;0.74454;0.74454
"X_543763.txt.gz1.tbl.gz";"-0.023807 +/- 0.044931";"-0.024173 +/- 0.047519";"0 (0;0)";"0 (0;0)";2.4409e-16;0.9743;0.75223;0.9743;0.9743
"X_544167.txt.gz1.tbl.gz";"-0.1406 +/- 0.037106";"-0.13358 +/- 0.045396";"-0.1628 (-0.1628;-0.10175)";"-0.1628 (-0.1628;-0.0814)";1.2481e-14;0.5078;0.26954;0.5078;0.5078
"X_545933.txt.gz1.tbl.gz";"-0.07683 +/- 0.094563";"-0.06831 +/- 0.083702";"-0.02725 (-0.14178;0)";"-0.0545 (-0.14178;0)";2.0494e-10;0.42231;0.47711;0.68294;0.68294
"X_546262.txt.gz1.tbl.gz";"0.19269 +/- 0.050564";"0.19404 +/- 0.055556";"0.17775 (0.17775;0.24285)";"0.21495 (0.17775;0.21495)";2.6012e-09;0.95843;0.59847;0.91803;0.91803
"X_546322.txt.gz1.tbl.gz";"-0.050284 +/- 0.041883";"-0.059567 +/- 0.046122";"-0.07375 (-0.07375;0)";"-0.07375 (-0.07375;0)";2.3406e-11;0.90772;0.58978;0.39746;0.39746
"X_546532.txt.gz1.tbl.gz";"0.081545 +/- 0.050934";"0.096 +/- 0.048562";"0.078 (0.078;0.078)";"0.078 (0.078;0.156)";4.7476e-11;0.8247;0.78396;0.22539;0.22539
"X_548261.txt.gz1.tbl.gz";"0.072982 +/- 0.050187";"0.069473 +/- 0.052203";"0.0669 (0.0669;0.1338)";"0.0669 (0;0.1338)";3.7863e-10;0.63462;0.82379;0.77952;0.77952
"X_54831.txt.gz1.tbl.gz";"-0.095693 +/- 0.078738";"-0.087397 +/- 0.069227";"-0.10025 (-0.17544;0)";"-0.10025 (-0.10025;0)";3.2446e-10;0.39514;0.45262;0.63124;0.63124
"X_548673.txt.gz1.tbl.gz";"-0.06224 +/- 0.060233";"-0.077663 +/- 0.07685";"-0.042375 (-0.11448;0)";"-0.042375 (-0.11448;0)";4.2214e-08;0.36058;0.18597;0.38752;0.38752
"X_54877.txt.gz1.tbl.gz";"0.0025982 +/- 0.049626";"0.017139 +/- 0.040418";"0.01233 (-0.032298;0.032243)";"0.02219 (-0.002785;0.04365)";0.035291;0.13705;0.22491;0.16014;0.16014
"X_550862.txt.gz1.tbl.gz";"0.079895 +/- 0.06574";"0.070823 +/- 0.06193";"0.0837 (0;0.14648)";"0.0837 (0;0.0837)";3.0206e-10;0.8247;0.73088;0.55071;0.55071
"X_55097.txt.gz1.tbl.gz";"0.0806 +/- 0.090859";"0.041969 +/- 0.063361";"0.0682 (0;0.1364)";"0 (0;0.1364)";3.1882e-14;0.0080531;0.028842;0.024735;0.024735
"X_553253.txt.gz1.tbl.gz";"-0.042689 +/- 0.052513";"-0.049499 +/- 0.066688";"0 (-0.10435;0)";"0 (-0.10435;0)";3.8886e-13;0.65989;0.19412;0.65989;0.65989
"X_554222.txt.gz1.tbl.gz";"0.46928 +/- 0.15475";"0.49051 +/- 0.17115";"0.6073 (0.30365;0.6073)";"0.6073 (0.30365;0.6073)";8.0303e-14;0.60125;0.57378;0.60125;0.60125
"X_580324.txt.gz1.tbl.gz";"0.028317 +/- 0.025887";"0.046109 +/- 0.030357";"0.029367 (0.0059;0.053117)";"0.053117 (0.029083;0.073042)";0.00077649;0.42251;0.37905;0.014004;0.014004
"X_580777.txt.gz1.tbl.gz";"-0.1932 +/- 0.050986";"-0.18785 +/- 0.063716";"-0.2237 (-0.2237;-0.13981)";"-0.2237 (-0.2237;-0.11185)";3.0269e-15;0.71835;0.22434;0.71835;0.71835
"X_581025.txt.gz1.tbl.gz";"-0.077836 +/- 0.056939";"-0.067212 +/- 0.049485";"-0.091002 (-0.12625;-0.03484)";"-0.07259 (-0.1072;-0.045155)";0.0021081;0.32564;0.41207;0.39188;0.39188
"X_581358.txt.gz1.tbl.gz";"-0.21835 +/- 0.058167";"-0.20857 +/- 0.076858";"-0.2562 (-0.2562;-0.14409)";"-0.2562 (-0.2562;-0.1281)";2.5382e-14;0.5816;0.13315;0.5816;0.5816
"X_583749.txt.gz1.tbl.gz";"-0.070609 +/- 0.086859";"-0.081874 +/- 0.11031";"0 (-0.1726;0)";"0 (-0.1726;0)";3.8886e-13;0.65989;0.19412;0.65989;0.65989
"X_584360.txt.gz1.tbl.gz";"0.050419 +/- 0.04339";"0.056961 +/- 0.046913";"0.037625 (0.0094062;0.091056)";"0.0587 (0.0094062;0.096325)";3.5913e-06;0.65782;0.66135;0.55867;0.55867
"X_584624.txt.gz1.tbl.gz";"0.078466 +/- 0.049037";"0.076132 +/- 0.045327";"0.06905 (0.06905;0.1381)";"0.06905 (0.06905;0.1381)";1.5986e-10;0.5979;0.64922;0.83449;0.83449
"X_586178.txt.gz1.tbl.gz";"0.040677 +/- 0.081356";"0.031102 +/- 0.079975";"0.017475 (0.017475;0.13285)";"0.017475 (-0.036712;0.13285)";1.8117e-08;0.92337;0.92208;0.62232;0.62232
"X_588555.txt.gz1.tbl.gz";"-0.33282 +/- 0.22867";"-0.36525 +/- 0.22859";"-0.31655 (-0.56431;-0.31655)";"-0.31655 (-0.6331;-0.31655)";3.5087e-10;0.7893;0.99836;0.55812;0.55812
"X_590011.txt.gz1.tbl.gz";"0.022745 +/- 0.038017";"0.039562 +/- 0.051577";"0 (0;0.06255)";"0 (0;0.0834)";1.7959e-13;0.15821;0.10202;0.15821;0.15821
"X_590391.txt.gz1.tbl.gz";"0.24074 +/- 0.037104";"0.2328 +/- 0.045792";"0.2522 (0.2522;0.2522)";"0.2522 (0.2522;0.2522)";3.4921e-18;0.4575;0.25025;0.4575;0.4575
"X_593942.txt.gz1.tbl.gz";"-0.19882 +/- 0.083295";"-0.21247 +/- 0.086964";"-0.1411 (-0.2822;-0.1411)";"-0.2822 (-0.2822;-0.1411)";2.0297e-12;0.96768;0.80758;0.5133;0.5133
"X_595730.txt.gz1.tbl.gz";"-0.048493 +/- 0.027247";"-0.040036 +/- 0.036367";"-0.05615 (-0.05615;-0.0215)";"-0.05615 (-0.05615;-0.0215)";2.154e-06;0.16186;0.12045;0.314;0.314
"X_664755.txt.gz1.tbl.gz";"-0.041125 +/- 0.049154";"-0.041125 +/- 0.054252";"0 (-0.08225;0)";"0 (-0.08225;0)";9.3623e-13;1;0.58128;1;1
"X_664951.txt.gz1.tbl.gz";"-0.02827 +/- 0.042358";"-0.052399 +/- 0.052488";"0 (-0.08885;0)";"-0.08885 (-0.08885;0)";1.2584e-12;0.10833;0.24159;0.050547;0.050547
"X_762840.txt.gz1.tbl.gz";"0.29429 +/- 0.081992";"0.23634 +/- 0.1139";"0.32315 (0.20378;0.34985)";"0.25012 (0.15038;0.33994)";1.6522e-07;0.0088058;0.07954;0.028342;0.028342
"X_764029.txt.gz1.tbl.gz";"0.14203 +/- 0.054754";"0.1461 +/- 0.05223";"0.1838 (0.0919;0.1838)";"0.1838 (0.0919;0.1838)";1.4273e-13;0.75007;0.78622;0.75007;0.75007
"X_765511.txt.gz1.tbl.gz";"-0.083864 +/- 0.047203";"-0.11011 +/- 0.043912";"-0.0738 (-0.12915;-0.0738)";"-0.1476 (-0.1476;-0.0738)";7.7875e-12;0.47876;0.67649;0.016687;0.016687
"X_84679.txt.gz1.tbl.gz";"0.047759 +/- 0.043611";"0.069277 +/- 0.049531";"0.07505 (0;0.07505)";"0.07505 (0.018762;0.07505)";1.0377e-10;0.87787;0.47929;0.068118;0.068118
"X_846819.txt.gz1.tbl.gz";"0.10412 +/- 0.038637";"0.10824 +/- 0.033066";"0.1309 (0.06545;0.1309)";"0.1309 (0.06545;0.1309)";2.4143e-14;0.62033;0.36141;0.62033;0.62033
"X_84794.txt.gz1.tbl.gz";"0.22814 +/- 0.035162";"0.20836 +/- 0.052518";"0.239 (0.239;0.239)";"0.239 (0.14937;0.239)";1.1492e-16;0.099852;0.035019;0.099852;0.099852
"X_848029.txt.gz1.tbl.gz";"0.019473 +/- 0.04228";"0.037073 +/- 0.05936";"0 (0;0)";"0 (0;0.1071)";4.1129e-15;0.19709;0.070905;0.19709;0.19709
"X_917321.txt.gz1.tbl.gz";"-0.14028 +/- 0.056829";"-0.14136 +/- 0.060019";"-0.1546 (-0.1969;-0.0773)";"-0.1546 (-0.1969;-0.0773)";2e-06;0.75122;0.75819;0.94039;0.94039
"X_91776.txt.gz1.tbl.gz";"-0.035262 +/- 0.044028";"-0.031146 +/- 0.056387";"-0.037475 (-0.048675;0.010231)";"-0.026275 (-0.09735;0.0224)";1.5213e-06;0.25922;0.17956;0.75275;0.75275
"X_918515.txt.gz1.tbl.gz";"-0.098932 +/- 0.047734";"-0.087432 +/- 0.052758";"-0.07255 (-0.1451;-0.07255)";"-0.07255 (-0.1451;-0.07255)";1.1437e-10;0.87787;0.57613;0.3593;0.3593
"X_91872.txt.gz1.tbl.gz";"-0.15625 +/- 0.085414";"-0.13823 +/- 0.091029";"-0.17243 (-0.21712;-0.090283)";"-0.17243 (-0.21712;-0.086217)";1.6056e-06;0.90272;0.72017;0.40827;0.40827
"X_9188119.txt.gz1.tbl.gz";"-0.058436 +/- 0.050708";"-0.043265 +/- 0.049636";"-0.08035 (-0.08035;0)";"0 (-0.08035;0)";5.4615e-12;0.56122;0.90279;0.21058;0.21058
"X_91974.txt.gz1.tbl.gz";"0.6215 +/- 0.44965";"0.73974 +/- 0.44965";"0.62308 (0.59707;0.65775)";"0.62308 (0.5884;1.2722)";2.7539e-09;0.71045;0.99998;0.27869;0.27869
"X_9202309.txt.gz1.tbl.gz";"-0.0049299 +/- 0.039376";"-0.0017418 +/- 0.031893";"0 (-0.037294;0)";"0 (-0.00275;0)";2.3672e-07;0.27928;0.21222;0.69545;0.69545
